Merk,Soort,Percentage alcohol,Brouwerij
3 Schténg,hoge gisting,6%,Brasserie Grain d'Orge
400,blond,"5,6%",Brouwerij Montaigu
IV Saison,saison,"6,5%",Brasserie de Jandrain-Jandrenouille
V Cense,"hoge gisting, spéciale belge","7,5%",Brasserie de Jandrain-Jandrenouille
VI Wheat,"hoge gisting, tarwebier",6%,Brasserie de Jandrain-Jandrenouille
Aardmonnik,oud bruin,8%,De Struise Brouwers
Aarschotse Bruine,bruin,6%,Stadsbrouwerij Aarschot
Abbay d'Aulne Blonde des Pères 6,"abdijbier, blond",6%,Brasserie Val de Sambre
Abbay d'Aulne Brune des Pères 6,"abdijbier, bruin",6%,Brasserie Val de Sambre
Abbay d'Aulne Super Noël 9,"abdijbier, kerstbier",9%,Brasserie Val de Sambre
Abbay d'Aulne Triple Blonde,"abdijbier, tripel",8%,Brasserie Val de Sambre
Abbay d'Aulne Triple Brune,"abdijbier, tripel",8%,Brasserie Val de Sambre
Abbay d'Aulne Val de Sambre,"abdijbier, amber","6,4%",Brasserie Val de Sambre
Abbaye de Bonne-Espérance,abdijbier,"7,8%",Brouwerij Lefebvre
Abbaye de Forest,"abdijbier, tripel","6,5%",Brasserie de Silly
Abbaye de la Thure,abdijbier,10%,Brasserie Brootcoorens
Abbaye de Saint-Martin Blonde,abdijbier,7%,Brasserie de Brunehaut
Abbaye de Saint-Martin Brune,abdijbier,8%,Brasserie de Brunehaut
Abbaye de Saint-Martin Cuvée de Noël,"abdijbier, kerstbier","8,5%",Brasserie de Brunehaut
Abbaye de Saint-Martin Triple,"abdijbier, tripel",9%,Brasserie de Brunehaut
Abbaye de Oudkerken,abdijbier,"6,2%",Brouwerij Lefebvre
Abbaye des Rocs Blonde,"abdijbier, hoge gisting","7,5%",Brasserie de l'Abbaye des Rocs
Abbaye des Rocs Brune,abdijbier bruin,9%,Brasserie de l'Abbaye des Rocs
Abbaye des Rocs Grand Cru,abdijbier ale,"9,5%",Brasserie de l'Abbaye des Rocs
Abbaye des Rocs Spéciale Noël,"abdijbier, kerstbier",9%,Brasserie de l'Abbaye des Rocs
Abdis Blond,blond,"6,5%",Brouwerij Riva
Abdis Bruin,bruin,"6,5%",Brouwerij Riva
Abdis Tripel,tripel,"8,2%",Brouwerij Riva
Abdij van Roosenberg Dubbel,dubbel,7%,Brouwerij Van Steenberge
Abdij van Roosenberg Tripel,Tripel,9%,Brouwerij Van Steenberge
Achel 5 Blond,"trappist, blond",5%,Achelse Kluis
Achel 5 Bruin,"trappist, bruin",5%,Achelse Kluis
Achel 8 Blond,"trappist, blond",8%,Achelse Kluis
Achel 8 Bruin,"trappist, bruin",8%,Achelse Kluis
Achel Blond Extra,"trappist, blond","9,5%",Achelse Kluis
Achel Bruin Extra,"trappist, bruin","9,5%",Achelse Kluis
Adelardus,abdijbier,7%,Brouwerij Kerkom
Adelardus Tripel,"abdijbier, tripel",9%,Brouwerij Kerkom
Adler,pils,"6,5%",Brouwerij Haacht
Adriaen Brouwer,"hoge gisting, bruin",5%,Brouwerij Roman
Adriaen Brouwer Dark Gold,"hoge gisting, bruin","8,5%",Brouwerij Roman
Affligem Blond,"abdijbier, blond","6,8%",Affligem Brouwerij
Affligem Dubbel,"abdijbier, bruin","6,8%",Affligem Brouwerij
Affligem 950 Cuvee,"abdijbier, blond","6,8%",Affligem Brouwerij
Affligem Noël,"abdijbier, kerstbier",9%,Affligem Brouwerij
Affligem Patersvat,"abdijbier, dubbel gehopt","6,8%",Affligem Brouwerij
Affligem Tripel,"abdijbier, tripel","8,5%",Affligem Brouwerij
Agrumbocq,"hoge gisting, witbier, fruitbier","3,1%",Brasserie du Bocq
Airborne,"abdijbier, dubbel","7,5%",Brasserie De Bouillon
Akila Pils,pils,5%,Brouwerij Louwaege
Alfoncine,robijnrood,"8,5%",Biofresh Gavere
Alfri,NA pils,"0,5%",Brouwerij Roman
Alpaïde,donkere tripel,10%,Brouwerij Nieuwhuys
Alpaïde Cuvée van de generaal,blonde tripel,"8,5%",Brouwerij Nieuwhuys
Alpha,amber,6%,Brussels Beer Project
Altitude 6,"ale, blond",6%,Brasserie de l'Abbaye des Rocs
Alvinne Extra Restyled,lichtamber,7%,Brouwerij Alvinne
Alvinne Lex'ke,blond,"6,3%",Brouwerij Alvinne
Alvinne Tripel,tripel,"8,7%",Brouwerij Alvinne
Alvino Bourgogne Barrel OA,"fruitbier, oak aged","5,5%",Brouwerij Alvinne
Ambetanterik,stout,"8,7%",Brouwerij Het Alternatief
Ambiorix,roodbruin,8%,Brouwerij Slaghmuylder
Angélus Blonde,blond,7%,Brasserie Brootcoorens
Angélus Brune,bruin,7%,Brasserie Brootcoorens
Angélus Spéciale Noël,kerstbier,9%,Brasserie Brootcoorens
Anker Blond,blond,"6,5%",Brouwerij Het Anker
Anker Boscoulis,fruitbier,"6,5%",Brouwerij Het Anker
Anker Herfstbok,"bruin speciaalbier, bokbier","6,5%",Brouwerij Het Anker
Anker Pils,pils,5%,Brouwerij Het Anker
Antiek Blond,blond,8%,Brouwerij Deca
Antiek Bruin,bruin,8%,Brouwerij Deca
Antiek Super 5 Blond,blond,5%,Brouwerij Deca
Antigoon,blond,"6,7%",The Musketeers
Antwerps Blond,blond,5%,Huisbrouwerij 't Pakhuis
Antwerps Bruin,bruin,"5,8%",Huisbrouwerij 't Pakhuis
Applebocq,fruitbier,"3,1%",Brasserie Du Bocq
Arabier,blond,8%,De Dolle Brouwers
Archiduc,,"6,2%",Brasserie d'Ecaussinnes
Arend Blond,blond,"6,5%",Brouwerij De Ryck
Arend Dubbel,donkerbruin,"6,5%",Brouwerij De Ryck
Arend Tripel,goudblond,8%,Brouwerij De Ryck
Arend Winter,donkeramber,"6,3%",Brouwerij De Ryck
Arendonker Bruin,bruin,"8,5%",Dorpsbrouwerij Humulus
Arendonker Tripel,goudblond,8%,Dorpsbrouwerij Humulus
Armand’4 Herfst,oude geuze,6%,Geuzestekerij 3 Fonteinen
Armand’4 Lente,oude geuze,6%,Geuzestekerij 3 Fonteinen
Armand’4 Winter,oude geuze,6%,Geuzestekerij 3 Fonteinen
Armand’4 Zomer,oude geuze,6%,Geuzestekerij 3 Fonteinen
Artevelde,Speciale Belge,"5,7%",Brouwerij Huyghe
Artevelde Grand Cru,roodbruin,"7,2%",Brouwerij Huyghe
Asterie,witbier,"4,9%",Brasserie d'Ecaussinnes
Atomium Premier Grand Cru,amber,8%,Brouwerij Van Steenberge
Augrenette,blond,"4,5%",Brouwerij Augrenoise
Augrenoise,troebel blond,"6,5%",Brouwerij Augrenoise
Augrenoise Blonde de Noël,"troebel blond, kerstbier",10%,Brouwerij Augrenoise
Augustijn Blond,abdijbier,"7,5%",Brouwerij Van Steenberge
Augustijn Donker,abdijbier,7%,Brouwerij Van Steenberge
Augustijn Grand Cru,"abdijbier, tripel",9%,Brouwerij Van Steenberge
Authentic 621,bruin,"7,5%",Authentique Brasserie
Authentic Ambrée,amber,5%,Authentique Brasserie
Authentic Blonde,blond,"6,5%",Authentique Brasserie
Authentic Blonde de Noël,kerstbier,9%,Authentique Brasserie
Authentic Triple,tripel,"9,5%",Authentique Brasserie
L'Autruche Biere des Gilles,blond troebel,7%,Brasserie de Silenrieux
Averbode,abdijbier,"7,5%",Brouwerij Huyghe
Bacchus,oud bruin,"4,5%",Brouwerij Van Honsebrouck
Bacchus Frambozenbier,fruitbier,5%,Brouwerij Van Honsebrouck
Bacchus Kriekenbier,fruitbier,"5,8%",Brouwerij Van Honsebrouck
Balthazar,winterbier,"8,9%",Brouwerij Alvinne
Barbãr,"blond, honingbier",8%,Brouwerij Lefebvre
Barbãr Winter Bok,"bokbier, honingbier",8%,Brouwerij Lefebvre
Barbe d'Or,blond,"7,5%",Brouwerij Verhaeghe
Barbe Noire,stout,9%,Brouwerij Verhaeghe
Barbe Rouge,amber,8%,Brouwerij Verhaeghe
Barse Cuvée,bruin,10%,Bierfirma Valocco
Bas,goudblond,"6,5%",bierfirma Bas-bieren
Bastogne Pale Ale,Belgian IPA,"6,5%",Brasserie de Bastogne
Basilius,amber,7%,’t Brugs Bierinstituut
Bavaro,"blond, lage gisting","3,6%",Brouwerij Haacht
Bavik Blond,tafelbier,"1,5%",Brouwerij Bavik
Bavik Faro,tafelbier,"1,5%",Brouwerij Bavik
Bavik Pony-Stout,stout,"5,2%",Brouwerij Bavik
Bavik Premium Pils,pils,"5,2%",Brouwerij Bavik
Bavik Triple Bock,bokbier,3%,Brouwerij Bavik
Beer for Life,blond,"6,5%",Brouwerij Dilewyns
Beernems Berenbier,blond,"7,5%",BIVO Drinks
Beersel Bio,blond,7%,Geuzestekerij 3 Fonteinen
Beersel Blond,blond,7%,Geuzestekerij 3 Fonteinen
Beersel Lager,pils,"5,2%",Geuzestekerij 3 Fonteinen
Bel Pils,pils,5%,Brouwerij Duvel Moortgat
Belgian Angel Stout,stout,"5,2%",Brasserie Brootcoorens
Belgian Framboises,fruitbier,"3,5%",Brasserie Lefebvre
Belgian Kriek,fruitbier,"3,5%",Brasserie Lefebvre
Belgian Pêches,fruitbier,"3,5%",Brasserie Lefebvre
Belgica IPA,IPA,"7,9%",Brouwerij Strubbe
Belgoo Arboo,"tripel, amber","8,1%",Brouwerij Belgoobeer
Belgoo Bio Amber,biologisch,"7,8%",Brouwerij Belgoobeer
Belgoo Bio Blond,biologisch,"6,4%",Brouwerij Belgoobeer
Belgoo Magus,blond,"6,6%",Brouwerij Belgoobeer
Belgoo Maxus,goudblond,"8,1%",Brouwerij Belgoobeer
Belgoo Luppoo,goudblond,"6,5%",Brouwerij Belgoobeer
Bella Mère,blond,"6,5%",Brasserie Millevertus
Belle Cies,blond,10%,Huisbrouwerij Den Tseut
Belle-Fleur,IPA,6%,Brouwerij De Dochter van de Korenaar
Belle-Vue Framboise,fruitbier,"5,7%",Brouwerij Belle-Vue
Belle-Vue Extra Framboise,fruitbier,"2,9%",Brouwerij Belle-Vue
Belle-Vue Kriek,kriek,"5,2%",Brouwerij Belle-Vue
Belle-Vue Kriek Classique,Kriek,"5,1%",Brouwerij Belle-Vue
Belle-Vue Extra Kriek,kriek,"4,3%",Brouwerij Belle-Vue
Belle-Vue Gueuze,lambiek,"5,5%",Brouwerij Belle-Vue
Belle-Vue LA,Alcoholarm,1%,Brouwerij Belle-Vue
Bellebier Amber,amber,"5,2%",Paeleman
Bellebier Dubbel,bruin,"6,2%",Paeleman
Bellebier Trippel,tripel,8%,Paeleman
Bellegems Bruin,Vlaams oud bruin,"5,5%",Brouwerij Bockor
Bellegems Witbier,witbier,"5,0%",Brouwerij Bockor
Belval,blond,"4,8%",Gageleer
Berentemmer,bruin,7%,Brouwerij Maenhout
Bersalis Tripel,"blond, hoge gisting, tripel","9,5%",Brouwerij Oud Beersel
Bersalis Kadet,blond,"4,5%",Brouwerij Oud Beersel
Bertinchamps Blonde,blond,"6,2%",Brasserie de Bertinchamps
Bertinchamps Triple,tripel,8%,Brasserie de Bertinchamps
Beta,donker amber,6%,Brussels Beer Project
Betchard Brune,bruin,7%,Brasserie de Tubize
Betchard Blonde,blond,"5,5%",Brasserie de Tubize
Bieken,blond,8%,Brouwerij Boelens
Bierbeekse,"blond-amber, hoge gisting","7,3%",de gemeente Bierbeek en Terclavers
Bierbuik,donker,8%,De Verhuisbrouwerij
Bière Darbyste,amber,"5,8%",Brasserie de Blaugies
Bière de Beloeil,hoge gisting,"8,5%",Brasserie Dupont
Bière de Garde,"biologisch, roodbruin",10%,Brouwerij Jessenhofke
Bière de la Bonde,tripel,10%,Brouwerij Van Eecke
Bière de Miel Bio,"biologisch, honingbier",8%,Brouwerij Dupont
Bière des Ours,honingbier,"8,5%",Brasserie La Binchoise
Bière du Corsaire Cuvée Spéciale,sterk blond,"9,4%",Brouwerij Huyghe
Bière du Mont Saint-Aubert,blond,8%,Brasserie de Brunehaut
Bière Spéciale Belge,Spéciale Belge,5%,Brasserie La Binchoise
Big Bavik,blond,5%,Brouwerij Bavik
Bierpruver Dubbel Bruin,dubbel,"7,5%",Huisbrouwerij de 3 vaten
Bierpruver Tripel,tripel,9%,Huisbrouwerij de 3 vaten
Bierpruver Winter,winterbier,8%,Huisbrouwerij de 3 vaten
Big Bayou,met cajunkruiden,4%,Brouwerij Smisje
Bink Blond,Belgische pale ale,"5,5%",Brouwerij Kerkom
Bink Bruin,dubbel,"5,5%",Brouwerij Kerkom
Bink Bloesem,blond,"7,1%",Brouwerij Kerkom
Biolégère,biologisch,"3,5%",Brouwerij Dupont
Bioloo Amber,biologisch,"7,8%",Brouwerij Belgoobeer
Bioloo Blond,biologisch,"6,4%",Brouwerij Belgoobeer
Bitter Sweet Symphony,dubbele IPA,"7,8%",Brouwerij 't Gaverhopke
Bittere Waarheid,Belgian IPA,11%,Brouwerij Het Alternatief
Black,"donker, hoge gisting","6,3%",Brasserie de Bellevaux
Black Albert,Belgian Royal Stout,13%,De Struise Brouwers
Black Damnation I,Russian Imperial Stout,13%,De Struise Brouwers
Black Damnation II,Russian Imperial Stout,12%,De Struise Brouwers
Black Damnation III,Russian Imperial Stout,13%,De Struise Brouwers
Black Damnation IV,Russian Imperial Stout,13%,De Struise Brouwers
Black Damnation V,"Russian Imperial Stout, Eisbockmethode",26%,De Struise Brouwers
Black,donkere ale,"6,3%",Brasserie de Bellevaux
Black Ghost,hoge gisting,8%,Brasserie Fantôme
Black Hole,pils,"5,6%",Brouwerij Roman
Black Jack,Porter,7%,De Struise Brouwers
Blanche,witbier,"4,8%",Brasserie de Bellevaux
Blanche d'Ardenne,witbier,"4,3%",Corsendonk nv
Blanche de Bouillon,witbier,"5,5%",Brasserie de Bouillon
Blanche de Brabant,witbier,5%,Groep John Martin
Blanche de Bruxelles,witbier,"4,5%",Brouwerij Lefebvre
Blanche de Charleroi,witbier,5%,Brasserie Val de Sambre
Blanche de Namur,witbier,"5,2%",Brasserie du Bocq
Blanche de Tubize,witbier,"4,8%",Brasserie de Tubize
Blanche des Honnelles,witbier,6%,Brasserie de l'Abbaye des Rocs
Blanche des Neiges,witbier,5%,Brouwerij Huyghe
Blanche du Hainaut Bio,"witbier, biologisch","5,5%",Brouwerij Dupont
Blanchette de Gaume,witbier,5%,Brasserie Millevertus
Blanchette de Lorraine,"witbier, fruitbier",5%,Brasserie Millevertus
BLAUW,"pils, Export","5,2%",Brouwerij Bockor
Blauwersbier,mengbier,"6,5%",Brouwerij Van Eecke
Bleeken Moriaen,tripel,10%,Brouwerij Van Eecke
Blinde Mol,blond,"6,5%",Brouwerij Maenhout
Bloemenbier,Belgian Strong Ale,7%,De Proefbrouwerij
Blonde,blond,7%,Brasserie de Bellevaux
Blonde,"blond, lage gisting","1,2%",Brouwerij Haacht
Blonde Bie,blond,8%,Brouwerij De Bie
Blonde de Brabant,blond,6%,Groep John Martin
Blonde de Noël,blond,10%,Brasserie Caulier
Blondelle,blond,7%,'t Hofbrouwerijke
Blondine,blond,8%,Hopduvel Gent
Blondine IPA,IPA,8%,Hopduvel Gent
Bock Leroy,tafelbier,"1,8%",Brouwerij Het Sas
Bock Pils,pils,"5,2%",Brouwerij Palm
Bockor Pils,"lage gisting, pils","5,2%",Brouwerij Bockor
Bocq Christmas,kerstbier,"8,1%",Brasserie Du Bocq
Boembeke Luiwerk,"blond, licht troebel","6,5%",Brouwerij De Graal
Boerinneken,"hoge gisting, blond","9,5%",Verstraeten H&S
Boerke Blond,blond,"6,8%",Brouwerij Angerik
Boerke Bruin,bruin,"6,8%",Brouwerij Angerik
Boerke Krieken,fruitbier,"6,5%",Brouwerij Angerik
Boerken,"hoge gisting, bruin","9,5%",Verstraeten H&S
Bokkereyer,lage gisting,6%,Brouwerij Sint-Jozef
Bolivar Blond,blond,"7,5%",Oxfam wereldwinkels
Bolivar Bruin,bruin,"7,5%",Oxfam wereldwinkels
Bolleville Calvados Barrel OA,oak aged,10%,Brouwerij Alvinne
Bokrijks,"blond, abdijbier","7,2%",Brouwerij du Bocq
Bon Homme,"hoge gisting, donkerbruin","6,5%",Brouwerij De Leite
Bon Secours Ambrée,"hoge gisting, amber",8%,Brouwerij Caulier
Bon Secours Blonde,"hoge gisting, blond",8%,Brouwerij Caulier
Bon Secours Brune,"hoge gisting, bruin",8%,Brouwerij Caulier
Bon Secours Framboise,"hoge gisting, frambozenbier",7%,Brouwerij Caulier
Bon Secours Myrtille,"hoge gisting, bosbessenbier",7%,Brouwerij Caulier
Bon Secours Noël,"hoge gisting, blond kerstbier",10%,Brouwerij Caulier
Boneffe,abdijbier,9%,Brasserie de Tubize
Bons Voeux,blond,"9,5%",Brouwerij Dupont
Bornem Dubbel,abdijbier,8%,Brouwerij Van Steenberge
Bornem Tripel,abdijbier,9%,Brouwerij Van Steenberge
Bos Bier,fruitbier,9%,Brouwerij DijkWaert
Bosbier,fruitbier-pils,4%,Brouwerij Sint-Jozef
Boscoli,fruitbier,"3,5%",Brouwerij Het Anker
Boskeun,lichtblond,7%,De Dolle Brouwers
Bosprotter,tripel,"8,5%",'t Hofbrouwerijke
Bourgogne des Flandres Blond,"hoge gisting, blond",6%,Brouwerij Timmermans
Bourgogne des Flandres Bruin,oud bruin,5%,Brouwerij Timmermans
Brasserie des Rocs Triple Impériale,,10%,Brasserie de l'Abbaye des Rocs
Brave Broeder,hoge gisting,5%,Brasserie de Silly
Bravoure,"hoge gisting, rookbier, amber","6,5%",Brouwerij De Dochter van de Korenaar
Bremserbier,amber,6%,Huisbrouwerij de 3 vaten
Brice,blond,"7,5%",Brasserie Grain d'Orge
Briekebakker,tripel,"8,7%",Brouwerij Alvinne
Brigand,blond,9%,Brouwerij Van Honsebrouck
Brigand IPA,India Pale Ale,"6,5%",Brouwerij Van Honsebrouck
Broeder Jacob Bruin,bruin,"7,5%",Broeder Jacob bvba
Broeder Jacob Double Expresso,bruin,"7,7%",Broeder Jacob bvba
Broeder Jacob Double Port,donkerbruin,9%,Broeder Jacob bvba
Broeder Jacob Formidabel,blond,"5,5%",Broeder Jacob bvba
Broeder Jacob Tripel,tripel,"7,5%",Broeder Jacob bvba
Bruegel,amber,5%,Brouwerij Van Steenberge
Brugge Blond,"speciaalbier, hoge gisting","6,5%",Brouwerij Palm
Brugge Tripel,"speciaalbier, hoge gisting","8,7%",Brouwerij Palm
Brugs,witbier,"4,8%",Alken-Maes
Brugs Beertje 20,blond,"6,5%",Brouwerij De Regenboog
Brugs Beertje 25,amber,9%,Brouwerij De Regenboog
Brugse Babbelaar,blond,"6,5%",De Proefbrouwerij
Brugse Bok,lichtdonker,"6,5%",Brouwerij De Halve Maan
Brugse Zot Blond,goudblond,6%,Brouwerij De Halve Maan
Brugse Zot Dubbel,bruin,"7,5%",Brouwerij De Halve Maan
Bruin Leroy,tafelbier,"1,8%",Brouwerij Het Sas
Brune,bruin,"6,8%",Brasserie de Bellevaux
Brunehaut Terroir,witbier,5%,Brasserie de Brunehaut
Brunehaut Tradition,amber,"6,5%",Brasserie de Brunehaut
Brunehaut Village,blond,"6,5%",Brasserie de Brunehaut
Brunehaut Bio Amber,biologisch,"6,5%",Brasserie de Brunehaut
Brunehaut Bio Blanche,"biologisch, witbier",5%,Brasserie de Brunehaut
Brunehaut Bio Blonde,biologisch,"6,5%",Brasserie de Brunehaut
Brunette,hoge gisting,9%,Hopduvel Gent
Brussels Framboos,fruitbier,"3,5%",Brouwerij Van Steenberge
Brussels Kriek,fruitbier,5%,Brouwerij Van Steenberge
Brussels Perzik,fruitbier,4%,Brouwerij Van Steenberge
"Brussels Fruit Beer ""Apple""",fruitbier,"3,2%",Brasserie Du Bocq
"Brussels Fruit Beer ""Peaches""",fruitbier,"3,2%",Brasserie Du Bocq
"Brussels Fruit Beer ""Red Fruit""",fruitbier,"3,2%",Brasserie Du Bocq
Brut,blond aperitiefbier,8%,Brouwerij De Vlier
Bruynen Moriaen,donker,9%,Brouwerij Van Eecke
BRWN,"hoge gisting, biologisch",7%,Brouwerij Jessenhofke
Bryggja,tripel,"8,5%",Bryggja
Bueckenholt Belge,"Spéciale Belge, amber","6,5%",Brouwerij Bueckenholt
Bueckenholt SaisoN548,"Saison, blond","6,1%",Brouwerij Bueckenholt
Buffalo,"hoge gisting, donker","6,5%",Brouwerij Van Den Bossche
Buffalo Belgian Stout,stout,9%,Brouwerij Van Den Bossche
Buffalo Bitter,blond,8%,Brouwerij Van Den Bossche
Bufo,blond,"4,8%",Gageleer cbva-so
Bush Amber,"hoge gisting, amber",12%,Brouwerij Dubuisson
Bush Amber Tripel,"tripel, amber",12%,Brouwerij Dubuisson
Bush Blond,"hoge gisting, blond","10,5%",Brouwerij Dubuisson
Bush Blond Triple,"tripel, blond","10,5%",Brouwerij Dubuisson
Bush de Noël,kerstbier,12%,Brouwerij Dubuisson
Bush de Noël Premium,"kerstbier, tripel",13%,Brouwerij Dubuisson
Bush de Nuits,"amber, tripel",13%,Brouwerij Dubuisson
Bush Prestige,"amber, tripel",13%,Brouwerij Dubuisson
Bush 7,amber,"7,5%",Brouwerij Dubuisson
Camaraderie,blond,8%,Brouwerij Bavik
Cambrinus,Belgische ale,"5,1%",Brouwerij Verhaeghe
Campus Premium,pils,5%,Brouwerij Huyghe
Campus,sterk donker,7%,Brouwerij Huyghe
Campus Gold,blond,"6,2%",Brouwerij Huyghe
Canaille,witbier,"5,2%",Brasserie Grain d'Orge
Canaster,Scotch,"8,7%",Brouwerij De Glazen Toren
Cantillon Geuze,spontane gisting,5%,Brouwerij Cantillon
Caper Fumatis,donkerbruin,"6,3%",Brouwerij Alvinne
Capoen,amber,"6,5%",De Proefbrouwerij
Captain Cooker Manuka Beer,amber,"5,7%",Captain Cooker
Captain Cooker White Manuka Beer,witbier,"4,5%",Captain Cooker
Cara Pils,pils,"4,7%",Brouwerij Haacht
Caracole,"hoge gisting, amber",8%,Brasserie Caracole
Carioca,witbier,"4,8%",De Lion à Plume
Carlos,"donker, hoge gisting","6,5%",Brouwerij Contreras
Carnavalsbier,blond,"6,1%",bierfirma Vacas
Carrousel,"hoge gisting, blond",6%,Brouwerij De Vlier
Caulier 28 Brett,"versneden, amber","7,5%",Caulier Developpement
Caulier 28 Pale Ale,blond,5%,Caulier Developpement
Caulier 28 Triple,blond,9%,Caulier Developpement
Caulier Blonde,"hoge gisting, blond","6,8%",Caulier Developpement
Caulier Brune,"hoge gisting, amberbruin","6,8%",Caulier Developpement
Caulier Gluten free Blonde,"hoge gisting, blond","6,8%",Caulier Developpement
Caulier Special Extra,"hoge gisting, blond","4,3%",Caulier Developpement
Caves,"hoge gisting, amberkleurig","5,8%",Brouwerij Verhaeghe Vichte
Ceci n'est pas un Barley Wine,gerstewijn,10%,Brasserie Sainte-Hélène
Ceci n'est pas une saison,saison,"6,5%",'t Hofbrouwerijke
Ceci n'est pas une stout,stout,"6,5%",'t Hofbrouwerijke
Ceci n'est pas une triple,tripel,8%,'t Hofbrouwerijke
Celestus,lager,5%,Brouwerij Haacht
Celis White,witbier,5%,Brouwerij Van Steenberge
Celtic Angel,"hoge gisting, amber","6,2%",Microbrouwerij Achilles
Cervesia,"hoge gisting, blond",8%,Brouwerij Dupont
Cervoise de l'Avouerie d'Anthisnes,,5%,Brasserie de Silly
Cesar,tripel,"8,5%",Brouwerij Van Steenberge
Cezarken,lager,"5,5%",Brouwerij Crombé
Chapeau Gueuze,geuze,"5,5%",Brouwerij De Troch
Chapeau Abricot,fruitbier op basis van lambiek,"3,5%",Brouwerij De Troch
Chapeau Banana,fruitbier op basis van lambiek,"3,5%",Brouwerij De Troch
Chapeau Cuvée Oude Gueuze,oude geuze,"5,5%",Brouwerij De Troch
Chapeau Exotic,fruitbier op basis van lambiek,"3,5%",Brouwerij De Troch
Chapeau Faro,aangezoete geuze,"4,75%",Brouwerij De Troch
Chapeau Fraises,fruitbier op basis van lambiek,"3,5%",Brouwerij De Troch
Chapeau Framboise,fruitbier op basis van lambiek,"3,5%",Brouwerij De Troch
Chapeau Kriek,fruitbier op basis van lambiek,"3,5%",Brouwerij De Troch
Chapeau Lemon,fruitbier op basis van lambiek,"3,5%",Brouwerij De Troch
Chapeau Mirabelle,fruitbier op basis van lambiek,"3,5%",Brouwerij De Troch
Chapeau Pêche,fruitbier op basis van lambiek,"3,5%",Brouwerij De Troch
Chapeau Winter Gueuze,"geuze, kerstbier","5,6%",Brouwerij De Troch
Charles Quint,lager,"6,3%",Haacht
Chimay Blauw,trappist,9%,Abdij Notre-Dame de Scourmont
Chimay Rood,trappist,7%,Abdij Notre-Dame de Scourmont
Chimay Wit,tripel,8%,Abdij Notre-Dame de Scourmont
Chimay dorée,blond tafelbier,"4,8%",Abdij Notre-Dame de Scourmont
Chouffe Bok 6666,donker amber,6%,Brouwerij d'Achouffe
Christmas Leroy,"hoge gisting, kerstbier","7,5%",Brouwerij Van Eecke
Christmas Verhaeghe,"hoge gisting, kerstbier","7,2%",Brouwerij Verhaeghe
Christmas Pale Ale,"hoge gisting, kerstbier","6,3%",Brouwerij De Ryck
Ciney Blond,"hoge gisting, blond",7%,Alken-Maes
Ciney Bruin,"hoge gisting, bruin",7%,Alken-Maes
Cluysenaer,hoge gisting,7%,Brouwerij Cluysenaer
Cnudde Bizon,fruitbier,"5,5%",Brouwerij Cnudde
Cnudde Oudenaards bruin,Vlaams oud bruin,5%,Brouwerij Cnudde
Colère Rouge,Belgian dark ale,5%,Brasserie Millevertus
Content,tripel,"7,5%",De Verhuisbrouwerij
Contrapils,pils,5%,Brouwerij Contreras
Contreras' Especial Mars,"hoge gisting, lentebier","6,5%",Brouwerij Contreras
Cookie Beer,speciaalbier,8%,Brasserie d'Ecaussinnes
Coq Hardi,"lage gisting, blond","5,5%",Brouwerij Haacht
Cornet,"hoge gisting, blond","8,5%",Brouwerij Palm
Corsendonk Agnus,blonde tripel,"7,5%",Corsendonk nv
Corsendonk Blond,hoge gisting,"6,5%",Corsendonk nv
Corsendonk Bruin,hoge gisting,"6,5%",Corsendonk nv
Corsendonk Christmas Ale,kerstbier,"8,5%",Corsendonk nv
Corsendonk Pater,"roodbruin, dubbel","7,5%",Corsendonk nv
Corsendonk Rousse,"amber, hoge gisting",8%,Corsendonk nv
Corsendonk Triple 11.11.11,tripel,"7,5%",Corsendonk nv
Couckelaerschen Doedel,hoge gisting,"6,5%",Brouwerij Strubbe
Courage,"hoge gisting, winterbier",8%,Brouwerij De Dochter van de Korenaar
Coy'Heimsen,"roodbruin, etiketbier",6%,Brouwerij Van Eecke
Crabbelaer,saison,"6,5%",Brouwerij De 6 Helmen
Crack Pils,"lage gisting, pils",5%,Brouwerij Het Sas
Crianza,mengbier met lambiek,7%,Brasserie de la Senne
Cristal Alken,"lage gisting, pils","4,8%",Alken-Maes
Cristal 1928,"lage gisting, pils","5,8%",Alken-Maes
Curtius,"hoge gisting, blond",7%,Microbrasserie de la Principauté
Cuvée Angélique,"dubbel, Special Belge","8,3%",Brouwerij De Glazen Toren
Cuvée de Bouillon,"blond, hoge gisting","6,5%",Brasserie de Bouillon
Cuvée de Briqville,streekbier,7%,Brouwerij Van Steenberge
Cuvée de Francorchamps,etiketbier,8%,Brouwerij Lefebvre
Cuvée De Ranke,gemengde gisting,7%,Brouwerij De Ranke
Cuvée des Jacobins,lambiek,"5,5%",Brouwerij Bockor
Cuvée des Trolls,"hoge gisting, blond",7%,Brouwerij Dubuisson
Cuvée des Trolls Triple,blonde tripel,7%,Brouwerij Dubuisson
Cuvée Delphine,Belgian Royal Stout,13%,De Struise Brouwers
Cuvée d'Erpigny,"quadrupel, oak aged",15%,Brouwerij Alvinne
Cuvée du Château,sterk donker,11%,Brouwerij Van Honsebrouck
Cuvée du Flo Ambrée,"hoge gisting, amber","8,5%",Brasserie du Flo
Cuvée du Flo Blonde,"hoge gisting, blond",8%,Brasserie du Flo
Cuvée du Flo Brune,"hoge gisting, bruin",9%,Brasserie du Flo
Cuvée du Flo Fruit,"hoge gisting, fruitbier","6,5%",Brasserie du Flo
Cuvée du Flo Miel,"hoge gisting, honingbier","8,5%",Brasserie du Flo
Cuvée du Tchesté,hoge gisting,"7,5%",Brasserie Les 3 Fourquets in opdracht van de Confrérie du Tchesté de Neufchâteau
Cuvée Ermesinde,"hoge gisting, amber","7,8%",Brasserie Saint-Monon
Cuvée Freddy,stout,10%,Brouwerij Alvinne
Cuvée Jeun'homme,blond,"6,5%",Brouwerij De Leite
Cuvée Jolie Môme,"hoge gisting, witbier","4,5%",Brasserie du Flo
Cuvée Lambikstoemper,oude geuze,7%,Brouwerij Boon & De Lambikstoempers
Cuvée Li Crochon,"hoge gisting, bruin","8,7%",Brasserie Du Bocq
Cuvée Mam'zelle,hoogblond,"8,5%",Brouwerij De Leite
Cuvée René Oude Geuze,oude geuze,"5,5%",Brouwerij Lindemans
Cuvée René Oude Kriek,fruitbier op basis van lambiek,6%,Brouwerij Lindemans
Cuvée Saint-Antoine Blonde,abdijbier,"7,5%",Brasserie du Flo
Cuvée Saint-Antoine Brune,"abdijbier, scotch",9%,Brasserie du Flo
Cuvée Saint Gilloise,"spontane gisting, 100% lambiek",5%,Brouwerij Cantillon
Cuvée Soeur'Ise,kriekenbier,"8,5%",Brouwerij De Leite
Cuvée van de Keizer Blauw,robijnrood speciaalbier,11%,Brouwerij Het Anker
Cuvée van de Keizer Rood,blond speciaalbier,10%,Brouwerij Het Anker
Dagelyckx bier,etiketbier,8%,Brouwerij Jessenhofke
Darinckdelver,stout,"10,5%",Brouwerij Alvinne
Dark White BBB,hoge gisting,"4,5%",Brasserie Fantôme
De Boomgaard Framboise,fruitbier,"4,9%",Brasserie d'Ecaussinnes
de Chokier,"hoge gisting, amber",7%,De Proefbrouwerij
De Eycken Balthazar,donkerbruin,9%,Brouwerij Alvinne
De Garre Tripel,tripel,"11,5%",Staminee De Garre
De Graal Blond,blond,"6,5%",Brouwerij De Graal
De Graal Dubbel,donker,"6,5%",Brouwerij De Graal
De Graal Gember,blond,8%,Brouwerij De Graal
De Graal SloCK,koperkleurig,"6,5%",Brouwerij De Graal
De Graal Tripel,tripel,9%,Brouwerij De Graal
De Graal Quest,suikervrij,9%,Brouwerij De Graal
De Graal Triverius,witbier,"6,8%",Brouwerij De Graal
De Hoop,blond,9%,De Dolle Brouwers
De Kavijaks,India pale ale,7%,Kaffee Kavijaks
De Koninck,amber,"5,2%",Brouwerij De Koninck
De Koninck Triple d'Anvers,blond,8%,Brouwerij De Koninck
De Koninck Winter,robijnrood,"6,5%",Brouwerij De Koninck
De Maeght van Gottem,donkerblond,"6,5%",Huisbrouwerij Sint-Canarus
De Nacht,winterbier,"5,2%",Brouwerij Vissenaken
De Regenboog IJzer,,6%,Brouwerij De Regenboog
De Skieven Architek,hoge gisting,"10,5%",Brouwerij Van Steenberge
De Verboden Vrucht,hoge gisting,"8,5%",Brouwerij De Kluis
De Vlier X-Mas,kerstbier,"8,5%",Brouwerij De Vlier
Deinze Export,export,"4,6%",JCI Deinze en Leiestreek
Delhaize Christmas,etiketbier,9%,Affligem Brouwerij
Delhaize Tafelbier Blond,tafelbier,"1,5%",Brouwerij Piedbœuf
Delhaize Tafelbier Bruin,tafelbier,"1,5%",Brouwerij Piedbœuf
Delirium Nocturnum,"donker, hoge gisting",9%,Brouwerij Huyghe
Delirium Tremens,tripel,9%,Brouwerij Huyghe
Delirium Christmas,kerstbier,10%,Brouwerij Huyghe
Delirium Red,fruitbier,"8,5%",Brouwerij Huyghe
Delta,blond,6%,Brussels Beer Project
Den Alternatief,lager,5%,Brouwerij Het Alternatief
Den Bi3r,tripel,9%,Brouwerij Den Tseut
Den Bras,bruin,"7,5%",Brouwerij Den Tseut
Den Drupneuze,winterbier,"8,5%",Brouwerij Den Tseut
Den Herberg Amber,amber,5%,Brouwerij Den Herberg
Den Herberg Blond,blond,"5,5%",Brouwerij Den Herberg
Den Herberg Bruin,bruin,"5,5%",Brouwerij Den Herberg
Den Herberg Tarwe,witbier,5%,Brouwerij Den Herberg
Den Mulder,blond,8%,Brouwerij Den Tseut
Den Tseut,"blond, speciaalbier","6,5%",Brouwerij Den Tseut
Den Twaalf,hoge gisting,12%,Brouwerij 't Gaverhopke
Den Zytholoog,blond,"6,6%",bierfirma Vacas
Dendermonde Tripel,"abdijbier, tripel",8%,Brouwerij De Block
Dentergems Wit,witbier,5%,Brouwerij Het Anker
Deugniet,tripel,"7,3%",Brasserie Du Bocq
DeuS,"speciaalbier, blond","11,5%",Brouwerij Bosteels
Diabolici,tripel,8%,Groep John Martin
Dief Gold,"blond, hoge gisting",8%,Brouwerij Engilsen
Dief Silver,"blond, hoge gisting","6,5%",Brouwerij Engilsen
Dikke Mathile,hoge gisting,6%,Brouwerij Strubbe
Diôle,Belgian ale,"6,5%",Brasserie des Carrières
Dobbel Palm,hoge gisting,6%,Brouwerij Palm
Dobbelen,hoge gisting,8%,Brouwerij Roman
Dobbelken Amber,"streekbier, amber","6,5%",Brouwerij Strubbe
Dobbelken Bruin,"streekbier, bruin",5%,Brouwerij Strubbe
Dogabier,etiketbier,"6,5%",Huisbrouwerij Sint-Canarus
Dominus Dubbel,abdijbier,"6,5%",Group John Martin
Dominus Tripel,"abdijbier, tripel",8%,Group John Martin
Donkere Stoere,sterk donker,"8,2%",Brouwerij DijkWaert
Double Bie,bruin,"6,5%",Brouwerij De Bie
Double de Brabant,"dubbel, donker","6,5%",Groep John Martin
Double Enghien Blonde,"hoge gisting, blond","7,5%",Brasserie de Silly
Double Enghien Brune,"hoge gisting, amber",8%,Brasserie de Silly
Douglas Celtic Brown,donkere scotch,"7,9%",Groep John Martin
Douglas Celtic Lager,blonde lager,5%,Groep John Martin
Douglas Celtic Red,"amberrood, hoge gisting","7,9%",Groep John Martin
Douglas Celtic Super,"blond, hoge gisting","7,9%",Groep John Martin
Douglas Celtic XXX Strong,"blond, hoge gisting",12%,Groep John Martin
Drongens Plezierke,"hoge gisting, donker","7,5%",Brouwerij Slaghmuylder
Draeckenier,goudblond,"7,5%",Brouwerij Troch
Druïde Blond,lichtblond,"6,5%",Brouwerij Druïde
Druïde Bruin,robijnrood,"6,5%",Brouwerij Druïde
Druïde Grand Q,"tripel, blond","8,5%",Brouwerij Druïde
Druivenbier,fruitbier,6%,Brouwerij Paeleman
Dubbel Buitenlust,blond,"8,5%",De Proefbrouwerij
Dubbel Klok,donker,"8,5%",Brouwerij Boelens
Ducassis,fruitbier,3%,Brasserie des Légendes
Duchesse de Bourgogne,oud bruin,"6,2%",Brouwerij Verhaeghe Vichte
Duivels Bier,donker,8%,Brouwerij Boon
Dulle Griet,dubbel,"6,5%",De Scheldebrouwerij
Dulle Teve,tripel,10%,De Dolle Brouwers
Duvel,hoge gisting,"8,5%",Brouwerij Duvel Moortgat
Duvel Tripel Hop,hoge gisting,"9,5%",Brouwerij Duvel Moortgat
Echt Kriekenbier,fruitbier,"6,8%",Brouwerij Verhaeghe
Echte Kriek,fruitbier,"6,8%",Brouwerij Verhaeghe
Edel-Brau,alcoholarm,"0,3%",Brouwerij Strubbe
Eerwaarde Pater,Waestvlaams roodbruin,9%,Brouwerij Het Alternatief
Egotripel,Tripel blond,"6,5%",Brouwerij Opus Magnum
Eeuwige Liefde,sterk donker,"8,2%",Brouwerij DijkWaert
Elfique Ambree,Amber licht bitter,7%,André & Valérie Grolet
Elfique Rose,Fris kruidig,"6,5%",André & Valérie Grolet
Elfique Blonde,Blond bitter,6%,André & Valérie Grolet
Elfique Brun,"Bruin, diverse moutsoorten",8%,André & Valérie Grolet
Egmont,blond,"6,5%",Brouwerij Crombé
Elliot Brew,Imperial IPA,9%,De Struise Brouwers
El Toro,"hoge gisting, IPA","6,5%",Brouwerij Contreras
Embrasse,"hoge gisting, sterk donker",9%,Brouwerij De Dochter van de Korenaar
Embrasse Special Edition,"hoge gisting, oak aged",9%,Brouwerij De Dochter van de Korenaar
Ename Blond,"abdijbier, hoge gisting","6,5%",Brouwerij Roman
Ename Cuvée 974,hoge gisting,7%,Brouwerij Roman
Ename Cuvée Rouge,hoge gisting,7%,Brouwerij Roman
Ename Dubbel,"abdijbier, hoge gisting","6,5%",Brouwerij Roman
Ename Tripel,"abdijbier, tripel","8,5%",Brouwerij Roman
Enfant Terriple,"blond, tripel","8,2%",Brouwerij De Leite
Enghien Noël,"hoge gisting, tripel, kerstbier",9%,Brasserie de Silly
Estaminet Premium Pils,pils,"5,2%",Brouwerij Palm
Equinox,bruin,8%,Brasserie de la Senne
Eupener Bier,pils,"5,2%",Brouwerij Haacht
Export 8,pils,"4,7%",Brouwerij Haacht
Extase,imperial/double IPA,"8,5%",Brouwerij De Dochter van de Korenaar
Ezel Bruin,bruin,"6,5%",Brouwerij Bavik
Ezel Wit,witbier,"5,8%",Brouwerij Bavik
Fancy,alcoholarm,"0,5%",Brouwerij Bavik
Fantôme,hoge gisting,8%,Brasserie Fantôme
Fantôme Chocolat,hoge gisting,8%,Brasserie Fantôme
Fantôme Spéciale Noel,hoge gisting,8%,Brasserie Fantôme
Faro Boon,faro,4%,Brouwerij Boon
Faro Girardin,faro,5%,Brouwerij Girardin
Faro Lambic Lindemans,faro,"4,5%",Brouwerij Lindemans
Faro Perte Totale,faro,5%,Brouwerij Boon
Fasso Blond,blond,"6,5%",Brouwerij Vissenaken
Felix Kriek Oud Bruin,kriek,6%,Brouwerij Clarysse
Felix Kriekbier,kriek,"5,2%",Brouwerij Clarysse
Felix Oud Bruin,bruin,"5,2%",Brouwerij Clarysse
Felix Speciaal Oudenaards,roodbruin,"4,6%",Brouwerij Clarysse
Femme Fatale,"hoge gisting, amber","6,5%",Brouwerij De Leite
Ferme Framboos,fruitbier,8%,Brouwerij De Vlier
Ferre,quadrupel,10%,Brouwerij Maenhout
Festina Lente,donkerbruin,7%,Brouwerij Alvinne
Finesse,"hoge gisting, tripel","8,5%",Brouwerij De Dochter van de Korenaar
Flandrien,hoge gisting,7%,Brouwerij Louwaege
Flodder,hoge gisting,8%,bierfirma VALOCCO
Floreffe Blond,abdijbier,"6,3%",Brouwerij Lefebvre
Floreffe Dubbel,abdijbier,"6,3%",Brouwerij Lefebvre
Floreffe Prima Melior,abdijbier,8%,Brouwerij Lefebvre
Floreffe Tripel,abdijbier,"7,5%",Brouwerij Lefebvre
Floreffe Wit-Bier,"witbier, abdijbier","4,5%",Brouwerij Lefebvre
Florilège de Pensée,fruit- en bloemenbier,9%,Brasserie d'Ecaussinnes
Florilège de Rose,fruit- en bloemenbier,9%,Brasserie d'Ecaussinnes
Florilège de Sureau,fruit- en bloemenbier,9%,Brasserie d'Ecaussinnes
Florilège d’Hibiscus,fruit- en bloemenbier,9%,Brasserie d'Ecaussinnes
Floris Cactus,witbier,"4,2%",Brouwerij Huyghe
Floris Chocolat,bruin,"4,2%",Brouwerij Huyghe
Floris Fraise,fruitbier,"3,6%",Brouwerij Huyghe
Floris Framboise,fruitbier,"3,7%",Brouwerij Huyghe
Floris Griotte,fruitbier,3%,Brouwerij Huyghe
Floris Honey,honingbier,"4,5%",Brouwerij Huyghe
Floris Kriek,fruitbier,"3,6%",Brouwerij Huyghe
Floris Mango,fruitbier,"3,6%",Brouwerij Huyghe
Floris Ninkeberry,fruitbier,"3,6%",Brouwerij Huyghe
Floris Passion,fruitbier,"3,6%",Brouwerij Huyghe
Floris Pear,fruitbier,"3,5%",Brouwerij Huyghe
Floris Pomme / Apple,fruitbier,"3,5%",Brouwerij Huyghe
Floris Witbier,witbier,5%,Brouwerij Huyghe
Florival Blond,abdijbier,7%,Affligem Brouwerij
Florival Bruin,donkerbruin,7%,Affligem Brouwerij
Florival Tripel,tripel,"8,5%",Affligem Brouwerij
Florival Winter,roodbruin,9%,Affligem Brouwerij
Foewerbier,amber,7%,Brouwerij Kerkom
Forestinne Ambrosia,amber,"7,5%",Brasserie Caracole
Forestinne Gothika,scotch,"7,5%",Brasserie Caracole
Forestinne Mysteria,blond speciaalbier,"7,5%",Brasserie Caracole
Forestinne Nordika,kerstbier,"7,5%",Brasserie Caracole
Forestinne Primoria,blond,"7,5%",Brasserie Caracole
Fort Lapin 8,tripel,8%,Brouwerij Fort Lapin
Fortun,blond,"7,5%",het Fort van Duffel
Framboise Boon,"lambiek, fruitbier",6%,Brouwerij Boon
Framboise Girardin,"lambiek, fruitbier",5%,Brouwerij Girardin
Framboise Lindemans,"lambiek, fruitbier","2,5%",Brouwerij Lindemans
Framboise Max Jacobins,"lambiek, fruitbier",3%,Brouwerij Bockor
Framboise Oud Beersel,"lambiek, fruitbier",5%,Brouwerij Oud Beersel
Frasnoise Givrée,amber,"6,3%",Brasserie La Frasnoise
Frasnoise Rétro,amber,"6,3%",Brasserie La Frasnoise
Freaky,Brown ale,"3,8%",Brouwerij Alvinne
Freaky Dark,lambiek,"3,8%",Brouwerij Alvinne
Fruitig Bierreke,fruitbier,"8,2%",Brouwerij DijkWaert
Gageleer,biologisch bier,"7,5%",De Proefbrouwerij
Gamma,bruin,6%,Brussels Beer Project
Gandavum Dry Hopping,blond,"7,5%",Het Waterhuis aan de bierkant
Gaspar,amber,8%,Brouwerij Alvinne
Gauloise Ambrée,amber,"5,5%",Brasserie Du Bocq
Gauloise Blonde,blond,"6,3%",Brasserie Du Bocq
Gauloise Brune,bruin,"8,1%",Brasserie Du Bocq
Gauloise Red,fruitbier,"8,2%",Brasserie Du Bocq
Gauloise Christmas,kerstbier,"8,1%",Brasserie Du Bocq
Gentse Strop,blond,"6,9%",Brouwerij Roman
Gentse Tripel,blond,8%,Brouwerij Van Steenberge
Gertrude Ambrée,"amber, hoge gisting",6%,Brasserie de Bouillon
Gertrude Triple,tripel,"7,5%",De Proefbrouwerij
Geuze Cantillon 100% Lambic Bio,geuze,5%,Brouwerij Cantillon
Gueuze Girardin,geuze,5%,Brouwerij Girardin
Gueuze Girardin gefilterd,geuze,5%,Brouwerij Girardin
Geuze Jacobins,geuze,"5,5%",Brouwerij Bockor
Geuze Lindemans,geuze,"5,5%",Brouwerij Lindemans
Geuze Mariage Parfait,geuze,8%,Brouwerij Boon
Ghulden Cop,donker blond,6%,Brouwerij De Graal
Gigi speciale,tafelbier,"2,5%",Brasserie Gigi
Gildenbier,"hoge gisting, bruin",7%,Brouwerij Haacht
Ginder Ale,"hoge gisting, amber","5,1%",InBev
Glutaner,glutenvrij pilsener,"5,2%",Brouwerij Huyghe
Goedendag,goudblond,8%,Brouwerij Toye
Goeie Koffe,stout,"9,5%",Brouwerij DijkWaert
Goliath Blonde,"hoge gisting, blond","5,5%",Brasserie des Légendes
Goliath Triple,"hoge gisting, tripel",9%,Brasserie des Légendes
Golden Kenia,pils,"5,1%",Brouwerij Huyghe
Golding Campina,pils,"4,8%",Alken-Maes
Gold Pils,pils,5%,Brouwerij Bavik
"Gordon 0,00",alcoholvrij,0%,Group John Martin
Gordon Finest Chrome,hoge gisting,"10,5%",Group John Martin
Gordon Finest Copper,hoge gisting,"6,6%",Group John Martin
Gordon Finest Gold,hoge gisting,10%,Group John Martin
Gordon Finest Platinum,hoge gisting,12%,Group John Martin
Gordon Finest Red,"hoge gisting, rood","8,4%",Group John Martin
Gordon Finest Scotch,scotch,"8,6%",Group John Martin
Gordon Finest Silver,hoge gisting,"7,7%",Group John Martin
Gordon Finest Zero,alcoholvrij,0%,Group John Martin
Gordon Five,pils,5%,Group John Martin
Gordon Xmas,kerstbier,"8,8%",Group John Martin
Goud Vuur,"amber, tripel",9%,Brouwerij DijkWaert
Gouden Arend 125,goudblond,"8,5%",Brouwerij De Ryck
Gouden Carolus Ambrio,amber,8%,Brouwerij Het Anker
Gouden Carolus Christmas,donker speciaalbier,"10,5%",Brouwerij Het Anker
Gouden Carolus Classic,donker speciaalbier,"8,5%",Brouwerij Het Anker
Gouden Carolus Easter,donker speciaalbier,10%,Brouwerij Het Anker
Gouden Carolus Hopsinjoor,blond speciaalbier,8%,Brouwerij Het Anker
Gouden Carolus Tripel,tripel,9%,Brouwerij Het Anker
Gouden Pier Kloeffe,"hoge gisting, tripel","8,1%",Brouwerij Slaapmutske
Goudster,,"6,0%",Verenigde Brouwers
Gouyasse Tradition,"hoge gisting, blond",6%,Brasserie des Géants
Gouyasse Triple,triple,9%,Brasserie des Géants
Grand Cru Bruocsella,lambiek,5%,Brasserie Cantillon
Green Buzz,biologisch,6%,Brasserie Millevertus
Grelotte,kerstbier,9%,Brasserie Grain d'Orge
Gribousine Blonde,hoge gisting,"8,5%",Brasserie La Binchoise
Gribousine Brune,hoge gisting,8%,Brasserie La Binchoise
Gribousine Hiver,winterbier,"8,5%",Brasserie La Binchoise
Griboval,hoge gisting,"6,5%",Scouts Moen 50 jaar
Grimbergen Blond,abdijbier hoge gisting,"6,7%",Alken-Maes
Grimbergen Cuvée de l'Ermitage,hoge gisting,"7,5%",Alken-Maes
Grimbergen Dubbel,hoge gisting,"6,5%",Alken-Maes
Grimbergen Goud 8°,"hoge gisting, blond",8%,Alken-Maes
Grimbergen Optimo Bruno,hoge gisting,10%,Alken-Maes
Grimbergen Selection,"donker, dubbel",7%,Alken-Maes
Grimbergen Tripel,tripel,9%,Alken-Maes
Grisette Ambrée,amber,5%,Brouwerij St-Feuillien
Grisette Blanche,witbier,5%,Brouwerij St-Feuillien
Grisette Blonde,blond,"4,5%",Brouwerij St-Feuillien
Grisette Cérise,fruitbier,"3,5%",Brouwerij St-Feuillien
Grisette Country Cool,,"3,5%",Brouwerij St-Feuillien
Grisette Fruits des Bois,fruitbier,"3,5%",Brouwerij St-Feuillien
Grotten Flemish Ale,"hoge gisting, Belgian strong ale","7,7%",Brouwerij St-Bernardus
Grottenbier,hoge gisting,"6,5%",Brouwerij St-Bernardus
Gruut Amber,amber,"6,6%",Stadsbrouwerij Gruut
Gruut Blond,blond,"5,5%",Stadsbrouwerij Gruut
Gruut Bruin,bruin,8%,Stadsbrouwerij Gruut
Gruut Inferno,goud,9%,Stadsbrouwerij Gruut
Gruut Wit,witbier,5%,Stadsbrouwerij Gruut
Guido,hoge gisting,8%,Brouwerij De Regenboog
Gulden Delle,mengbier,"8,5%",Brouwerij De Vlier
Gulden Draak,"hoge gisting, donker","10,5%",Brouwerij Van Steenberge
Guldenberg,donkerblond abdijbier,"8,5%",Brouwerij De Ranke
Gypsy Rose,amber,9%,Brasserie Sainte-Hélène
Haanse Witte,witbier,"5,5%",den Haene
Halleschelle,blond,"8,5%",Brouwerij Alvinne
Hanssens Lambic Experimental Cassis,"lambiek, fruitbier",4%,Brouwerij Hanssens
Hanssens Lambic Experimental Raspberry,"lambiek, fruitbier",4%,Brouwerij Hanssens
Hapkin,"hoge gisting, blond","8,5%",Alken-Maes
Harelbekenaar van de abdijhoeve,"roodbruin, etiketbier",6%,Brouwerij Van Eecke
Hector,"hoge gisting, tripel","8,2%",Brouwerij De Graal
Heksemiebier,hoge gisting,"6,2%",Microbrouwerij Achilles
Hellekapelle,blond,5%,Brouwerij De Bie
Helleketelbier,amber,7%,Brouwerij De Bie
Hercule Stout,stout,9%,Brasserie des Légendes
Herkenrode Bruin,"abdijbier, bruin",7%,Brouwerij Sint-Jozef
Herkenrode Tripel,"abdijbier, tripel",7%,Brouwerij Sint-Jozef
Hertalse Poorter,"hoge gisting, blond","6,5%",Brouwerij Slaghmuylder
Hertenheer,"hoge gisting, amber","6,5%",Brouwerij Het Nest
Hervoise,hoge gisting,"8,2%",Brasserie Grain d'Orge
Hik Blond,"hoge gisting, ale","6,5%",Brouwerij Het Alternatief
Hik Bruin,hoge gisting,"6,5%",Brouwerij Het Alternatief
Himelein,hoge gisting,6%,Brouwerij Vissenaken
Hoegaarden,"hoge gisting, witbier","4,9%",Brouwerij De Kluis
"Hoegaarden 0,0",alcoholvrij witbier,0%,Brouwerij De Kluis
"Hoegaarden 0,0 Rosée",alcoholvrij fruitbier,0%,Brouwerij De Kluis
Hoegaarden Citron,fruitbier,3%,Brouwerij De Kluis
Hoegaarden Grand Cru,hoge gisting,"8,5%",Brouwerij De Kluis
Hoegaarden Rosée,fruitbier,3%,Brouwerij De Kluis
Hoegaarden Spéciale,"hoge gisting, goudblond","5,7%",Brouwerij De Kluis
Hoegaarden Verboden Vrucht,fruitbier,"8,8%",Brouwerij De Kluis
Hof Korvatunturi,"hoge gisting, bruin",11%,'t Hofbrouwerijke
Hof ten Dormaal Amber,hoge gisting,"7,5%",Brouwerij Hof ten Dormaal
Hof ten Dormaal Blond,hoge gisting,8%,Brouwerij Hof ten Dormaal
Hof ten Dormaal Donker,hoge gisting,"8,5%",Brouwerij Hof ten Dormaal
Hofblues,stout,"5,5%",'t Hofbrouwerijke
Hofdraak,bruin,"6,5%",'t Hofbrouwerijke
Hofelf,tarwetripel,"7,5%",'t Hofbrouwerijke
Hofnar,amber,9%,'t Hofbrouwerijke
Hofpint,"hoge gisting, pils","5,5%",'t Hofbrouwerijke
Hoftrol,amber,"6,2%",'t Hofbrouwerijke
Holger,pils,5%,Brouwerij Martens
Holsbeek Lentetripel,tripel,"8,5%",Brouwerij De Vlier
Hommelbier,"goudkleurig, hoge gisting","7,5%",Brouwerij Van Eecke
Hop Harvest,sterk donker,8%,Brouwerij De Ranke
Hop Ruiter,tripel,8%,Scheldebrouwerij
Hopjutters Triple Hop,India Pale Ale,"7,3%",De Hopjutters
Hoppa Hontas,India Pale Ale,"6,5%",Brouwerij Maenhout
Hoppe,pils,5%,Brouwerij Van Steenberge
Hoppesnoet,Belgian ale,"8,5%",Huisbrouwerij Den Tseut
Hopus,"hoge gisting, goudblond","8,3%",Brouwerij Lefebvre
Hopverdomme,imperial/double IPA,"7,5%",De Struise Brouwers
Hop Verdomme IPA,IPA,7%,Brouwerij Kerkom
Horal's Oude Geuze Mega Blend,geuze,7%,"3 Fonteinen, Brouwerij Boon, Timmermans, Oud Beersel, Lindemans, De Troch, De Cam, Hanssens"
Horse-Ale,Spéciale belge,5%,AB-InBev
Horst bier,"lage gisting, blond","6,5%",Brouwerij Haacht
Hotteuse Grand Cru,donker,8%,Affligem Brouwerij
Houblon Chouffe Dobbelen IPA Tripel,India Pale Ale,9%,Brouwerij d'Achouffe
Hougaerdse Das,"hoge gisting, amber","5,1%",Brouwerij De Kluis
Houten Kop,speciaalbier,"6,5%",Brouwerij Strubbe
Huardis,witbier,"5,2%",Brouwerij Nieuwhuys
Ichtegem’s grand cru,,"6,5%",Brouwerij Strubbe
Ichtegem's Oud Bruin,"roodbruin, hoge gisting",5%,Brouwerij Strubbe
Ignis & Flamma,IPA,7%,De Struise Brouwers
Inglorious Quad,Quadrupel,"10,3%",Inglorious Brew Stars
IM-JIN,amber,"7,5%",Brasserie Grain d'Orge
Iris,"spontane gisting, amber",6%,Brouwerij Cantillon
Irma,fruitbier,6%,voor bierfirma Vacas
Itters Bruin,tafelbier,"1,3%",Brouwerij Sint-Jozef
Jack’Ouille,blond,"5,5%",Brasserie de Bouillon
Jack-Op,gemengde gisting,"5,5%",Brouwerij Boon
Jaded Stillwater Artisanal,Belgo/american ale,10%,De Struise Brouwers
Jambe-de-bois,tripel,8%,Brasserie de la Senne
Jan Buuc,etiketbier,"7,5%",Brouwerij Het Sas
Jan De Lichte,witbier,7%,Brouwerij De Glazen Toren
Jan van Gent,blond,"5,5%",Brouwerij Liefmans
Jan van Oudenaarde,blond,8%,Brouwerij Slaapmutske
Janus Triple,tripel,8%,Brouwerij De Ranke
Jean Nicot,"tripel, tabaksbier","8,5%",Brouwerij De Graal
Jeanke,Blonde,,Brasserie St. Jean
Jessenhofke Bruin,"hoge gisting, biologisch",7%,Brouwerij Jessenhofke
Jessenhofke Maya,"hoge gisting, biologisch",6%,Brouwerij Jessenhofke
Jessenhofke Tripel,"hoge gisting, biologisch, tripel",8%,Brouwerij Jessenhofke
Jezuwiet,"hoge gisting, tripel","8,5%",Brouwerij Boelens
Johannes,streekbier,"6,5%",bierfirma Johannes
Joseph,"hoge gisting, blond, spelt","5,4%",Brasserie de Silenrieux
Joseph Bio,"hoge gisting, blond, spelt","5,4%",Brasserie de Silenrieux
Joup,hoge gisting,"7,5%",Brasserie Grain d'Orge
Julius,"hoge gisting, bruin","8,7%",Brouwerij De Kluis
Judas,"hoge gisting, okerblond","8,5%",Alken-Maes
Jules de Bananes,"fruitbier, wit","4,9%",Brouwerij De Ryck
Jules de Kriek,"fruitbier, robijnrood","4,9%",Brouwerij De Ryck
Jupiler,pils,"5,2%",Brouwerij Piedbœuf
Jupiler Blue,"lage gisting, pils","3,3%",Brouwerij Piedbœuf
Jupiler NA,alcoholarm,"0,5%",Brouwerij Piedbœuf
Jupiler New Tauro,lage gisting,"6,2%",Inbev
Jupiler Tauro,lage gisting,"8,3%",Inbev
Kalle,tripel,8%,Brouwerij Gulden Spoor
Kameleon Amber,biologisch,"6,5%",Brouwerij Den Hopperd
Kameleon Donker,biologisch,6%,Brouwerij Den Hopperd
Kameleon Ginseng,biologisch,"6,5%",Brouwerij Den Hopperd
Kamil,hoge gisting,"6,5%",bierfirma BVG
Kameleon Tripel,"biologisch, tripel","8,5%",Brouwerij Den Hopperd
Kapel van Viven Blond,blond,"6,8%",Beerdevelopment Viven
Kapel van Viven Bruin,bruin,"6,6%",Beerdevelopment Viven
Kapittel Abt,bruin,10%,Brouwerij Van Eecke
Kapittel Blond,blond,"6,5%",Brouwerij Van Eecke
Kapittel Dubbel,bruin,"7,5%",Brouwerij Van Eecke
Kapittel Pater,bruin,6%,Brouwerij Van Eecke
Kapittel Prior,bruin,9%,Brouwerij Van Eecke
Kapittel Tripel Abt,tripel,10%,Brouwerij Van Eecke
Karlsquell,pils,"4,6%",Brouwerij Martens
Kastaar,blond,6%,Brouwerij De Block
Kasteel Blond,"blond, hoge gisting",7%,Brouwerij Van Honsebrouck
Kasteel Cuvée du Chateau,donker,11%,Brouwerij Van Honsebrouck
Kasteel Donker,donker,11%,Brouwerij Van Honsebrouck
Kasteel Hoppy,blond,"6,5%",Brouwerij Van Honsebrouck
Kasteel Rouge,kriek,8%,Brouwerij Van Honsebrouck
Kasteel Tripel,tripel,11%,Brouwerij Van Honsebrouck
Kasteelbier Blond,blond,11%,Brouwerij Van Honsebrouck
Kasteelbier Bruin,bruin,11%,Brouwerij Van Honsebrouck
Kasteelbier Ooidonk,etiketbier,11%,Brouwerij Van Honsebrouck
Kastel,amber,7%,De Proefbrouwerij in opdracht van De Kastelse Biervereniging
Kastels pompoenbier,"tarwebier, met pompoen",,De Proefbrouwerij in opdracht van De Kastelse Biervereniging
Katje Special,"hoge gisting, ale",6%,Brouwerij Het Sas
Kd blond,"hoge gisting, blond","6,2%",brouwerij Kadee
Kd bruin,"hoge gisting, ale",7%,brouwerij Kadee
Keikop Saison,saison,"6,5%",Brouwerij De Kassei
Keikop Tripel,tripel,"8,7%",Brouwerij De Kassei
Keikoppenbier,"blond, biologisch","6,1%",Brouwerij De Plukker
Keizer Karel Robijn Rood,robijnrood,"8,5%",Brouwerij Haacht
Keizer Karel Goud Blond,blond,"8,5%",Brouwerij Haacht
Keizersberg,abdijbier,9%,Brouwerij Van Steenberge
Kempisch Vuur 3-Dubbel,bruin,"7,5%",De Proefbrouwerij in opdracht van Brouwerij Pirlot
Kempisch Vuur Tripel,tripel,"7,5%",De Proefbrouwerij in opdracht van Brouwerij Pirlot
Kerasus,donkerrood,"5,5%",Brouwerij Alvinne
Kerelsbier Donker,etiketbier,"6,4%",Brouwerij Het Sas
Kerelsbier Licht,etiketbier,"6,4%",Brouwerij Het Sas
Kerkomse Tripel,tripel,9%,Brouwerij Kerkom
Kerstpater,"hoge gisting, kerstbier",9%,Brouwerij Van Den Bossche
Kerstbie,"donker, kerstbier",8%,Brouwerij De Bie
KerstSmiske,"donker, kerstbier",11%,Brouwerij Smisje
Kerstvuur,kerstbier,8%,Brouwerij Pirlot
Kessel 69,hoge gisting,"6,9%",Brouwerij De Vlier
Kessel Blond,hoge gisting,"7,5%",Brouwerij De Vlier
Keyte,"blond, hoge gisting","7,5%",Brouwerij Strubbe
Keyte-Dobbel-Tripel,"robijnrood, hoge gisting","9,2%",Brouwerij Strubbe
Klets,bovengisting,8%,Brouwerij Bier & Karakter
Kleveretien,"hoge gisting, winterbier",10%,Brouwerij Het Nest
Klingse Kalsei,"hoge gisting, streekbier",8%,Brouwerij Van Steenberge
Kloefkapper,tarwebier,"5,7%",Brouwerij 't Paenhuys
Kloeke Blonde,"hoge gisting, Belgische blonde ale",6%,De Struise Brouwers
Klokke Roeland,donker,11.5%,Brouwerij Van Steenberge
Klooster van Viven,bruin,"6,6%",Beerdevelopment Viven
Koantjesbier,hoge gisting,7%,Bierfirma Vacas
Koekelaring,hoge gisting,"6,5%",De Hoevebrouwers
Koeketiene,tripel,"8,5%",Brouwerij Maenhout
Koerseklakske,hoge gisting,"5,5%",Brouwerij 't Gaverhopke
Korsakoff,ongefilterd blond bier,"6,5%",'t Hofbrouwerijke
Kortrijk-dUtsel,brutbier,"8,5%",Brouwerij Kortrijk-dUtsel
Krab,blonde ale,"5,2%",Scheldebrouwerij
Kriek Belgique,fruitbier,"3,5%",Brasserie du Bocq
Kriek Boon,lambiek,"4,5%",Brouwerij Boon
Kriek Cantillon 100% Lambic,lambiek,"5,5%",Brouwerij Cantillon
Kriek De Ranke,fruitbier,"4,5%",Brouwerij De Ranke
Kriek de Silenrieux,fruitbier,"4,5%",Brasserie de Silenrieux
Kriek Fantastiek,"fruitbier, roodbruin","4,9%",Brouwerij De Ryck
Kriek Girardin,lambiek,5%,Brouwerij Girardin
Kriek Jacobins,lambiek,"4,5%",Brouwerij Bockor
Kriek Lindemans,lambiek,"3,5%",Brouwerij Lindemans
Kriek Mariage Parfait,lambiek,8%,Brouwerij Boon
Kriekedebie,fruitbier,"4,4%",Brouwerij De Bie
Kriekenbier,"fruitbier, lage gisting",4%,Brouwerij Sint-Jozef
Kriekenbier,fruitbier,"4,5%",Brouwerij Strubbe
Kriek Max,fruitbier,"3,2%",Brouwerij Bockor
Kwaremont,"blond, hoge gisting","6,6%",Brouwerij Bavik
Kwets,blond tarwebier,"6,8%",Microbrouwerij Paeleman in opdracht van Kwets vzw
Kwibus Blond,"blond, hoge gisting","6,4%",Brouwerij Danny
Kwibus Donker,hoge gisting,"6,4%",Brouwerij Danny
La Barbiot Ambrée,hoge gisting,"9,5%",Brasserie la Barbiot
La Barbiot Blonde,hoge gisting,8%,Brasserie la Barbiot
La Binchoise Blonde,"hoge gisting, blond","6,2%",Brouwerij La Binchoise
La Binchoise Brune,hoge gisting,"7,7%",Brouwerij La Binchoise
La Binchoise Organic’ Brune,"hoge gisting, biologisch",7%,Brouwerij La Binchoise
La Binchoise Organic’ Miel,"hoge gisting, biologisch, honingbier","8,5%",Brouwerij La Binchoise
La Binchoise Organic’ Triple,"hoge gisting, biologisch, tripel","8,5%",Brouwerij La Binchoise
La Binchoise Spéciale Noël,"hoge gisting, kerstbier",9%,Brouwerij La Binchoise
La Binchoise Triple,"hoge gisting, tripel","8,5%",Brouwerij La Binchoise
La Binchoise XO,hoge gisting,12%,Brouwerij La Binchoise
La Botteresse Ambrée,hoge gisting,"8,5%",Brasserie la Botteresse de Sur-les-bois
La Botteresse de Noël,"hoge gisting, kerstbier","10,5%",Brasserie la Botteresse de Sur-les-bois
La Botteresse Blonde,hoge gisting,"7,5%",Brasserie la Botteresse de Sur-les-bois
La Botteresse Brune,hoge gisting,"9,5%",Brasserie la Botteresse de Sur-les-bois
La Botteresse aux cerises,"hoge gisting, fruitbier","5,5%",Brasserie la Botteresse de Sur-les-bois
La Botteresse Ambrée au miel,"hoge gisting, honingbier","8,5%",Brasserie la Botteresse de Sur-les-bois
La Botteresse aux pommes,"hoge gisting, fruitbier","5,4%",Brasserie la Botteresse de Sur-les-bois
La Blanche des Saisis,witbier,"6,2%",Brasserie Ellezelloise
La Bouillonnaise,"bruin, hoge gisting",7%,Brasserie de Bouillon
La Chérie,fruitbier,5%,Brasserie Val de Sambre
La Chèvenis,hoge gisting,6%,Brasserie de Bouillon
La Chouffe,"blond, hoge gisting",8%,Brouwerij d'Achouffe
La Corne du Bois des Pendus Blonde,"hoge gisting, blond","5,9%",Brasserie d'Ebly
La Corne du Bois des Pendus Triple,"hoge gisting, triple",7%,Brasserie d'Ebly
La Cré Tonnerre,"hoge gisting, tripel",7%,Brasserie de Silly
La Divine,"hoge gisting, amber","9,5%",Brasserie de Silly
La Douce Vertus,"hoge gisting, ale",7%,Brasserie Millevertus
La Fumette,"hoge gisting, Rauchbier","6,5%",Brasserie Millevertus
La Grognarde,hoge gisting,"5,5%",Brasserie Sainte-Hélène
La Guillotine,sterk blond,"8,5%",Brouwerij Huyghe
La Jamboise de Bister,bleek blond,"6,5%",Brouwerij Lefebvre
La Loubécoise,"donker, hoge gisting",8%,Brasserie d'Ecaussinnes
La Mac Vertus,stout,"4,8%",Brasserie Millevertus
La Médiévale,"amber, hoge gisting",6%,Brasserie de Bouillon
La Mère Vertus,tripel,7%,Brasserie Millevertus
La Moneuse,"saison, amber",8%,Brasserie de Blaugies
La Moneuse Spéciale Noël,"saison, bruin, hoge gisting",8%,Brasserie de Blaugies
La Moraipire,tripel,"8,5%",Brasserie Millevertus
La Namuroise,hoge gisting,7%,Les Artisans Brasseurs
La Noire Fontaine,hoge gisting,8%,Brasserie de Bouillon
La Penneffoise,fruitbier,8%,Brasserie d'Ecaussinnes
La Pils des 3 Canaux,pils,"4,5%",Authentique Brasserie
La Poiluchette Blonde Cuvéé du Château,hoge gisting,"7,5%",Brouwerij Huyghe
La Poiluchette Brune,hoge gisting,"7,5%",Brouwerij Huyghe
La Poirette de Fontaine,"hoge gisting, fruibier","8,5%",Brasserie la Botteresse de Sur-les-bois
La Prime,"hoge gisting, winterbier","8,5%",Brasserie Sainte-Hélène
La Rulles Blonde,hoge gisting,7%,Brasserie Artisanale de Rulles
La Rulles Brune,hoge gisting,"6,5%",Brasserie Artisanale de Rulles
La Rulles Cuvée Meilleurs Vœux,"hoge gisting, winterbier","7,3%",Brasserie Artisanale de Rulles
La Rulles Estivale,hoge gisting,"5,2%",Brasserie Artisanale de Rulles
La Rulles La Grande 10,"hoge gisting, Belgian strong pale ale",10%,Brasserie Artisanale de Rulles
La Rulles Triple,"hoge gisting, tripel","8,4%",Brasserie Artisanale de Rulles
La Safranaise,"hoge gisting, kruidenbier",7%,Brasserie Millevertus
La Saison de Pipaix,,6%,Brasserie à Vapeur
La Saison des Chasses Ambrée,saison,7%,Brasserie de Bouillon
La Saison des Chasses Blonde,saison,6%,Brasserie de Bouillon
La Sambresse Blonde,hoge gisting,8%,Brouwerij Brootcoorens
La Spéciale Fêtes,winterbier,"8,5%",Brasserie de Bouillon
La Trompeuse,hoge gisting,"6,9%",Brasserie Jean Tout Seul
La Troufette Belle d'été,hoge gisting,6%,Brasserie de Bastogne
La Troufette Blonde,hoge gisting,6%,Brasserie de Bastogne
La Troufette Brune,"hoge gisting, winterbier","6,8%",Brasserie de Bastogne
La Troufette Givrée,hoge gisting,8%,Brasserie de Bastogne
La Troufette Rousse,hoge gisting,"7,8%",Brasserie de Bastogne
La Vauban,abdijbier,6%,Brasserie de Bouillon
La Vapeur en Folie,,8%,Brasserie à Vapeur
La Vapeur Légère,,5%,Brasserie à Vapeur
La Vermontoise,saison,6%,Brasserie de Blaugies
La Waterlootoise,tripel,9%,Brouwerij Van Steenberge
Lam Gods,bruin dubbel,"6,8%",Brouwerij Paeleman
L’Amarante,"hoge gisting, kruidenbier",8%,Brasserie Millevertus
Lambinus,"hoge gisting, honingbier",8%,bierfirma Lesage
Lamme Goedzak,hoge gisting,7%,De Scheldebrouwerij
Lamoral Degmont,"hoge gisting, amberblond",8%,Brouwerij Van Den Bossche
Le Pavé de l'Ours,"hoge gisting, speciale belge","7,5%",Brasserie de Silenrieux
Leeuw Pilsener,pilsener,5%,Brouwerij Haacht
Leeuwse Witte,witbier,5%,Affligem Brouwerij
Leffe Blond,"blond, abdijbier","6,6%",AB InBev
Leffe Bruin,"bruin, abdijbier","6,5%",AB InBev
Leffe Kerst,"kerstbier, abdijbier","6,5%",AB InBev
Leffe Lente,abdijbier,"6,5%",AB InBev
Leffe Radieuse,abdijbier,"8,2%",AB InBev
Leffe Royale,"blond, abdijbier","7,5%",AB InBev
Leffe Ruby,"fruitbier, abdijbier","6,5%",AB InBev
Leffe Tripel,"tripel, abdijbier","8,4%",AB InBev
Leffe Vieille Cuvée,Amber,"8,2%",AB InBev
Leffe 9°,hoge gisting,9%,AB InBev
Leireken Boekweit Blond,"amber, hoge gisting, boekweit, biologisch",6%,Guldenboot nv
Leireken Boekweit Bruin,"bruin, hoge gisting, boekweit, biologisch",6%,Guldenboot nv
Leireken Lager Bio,"pils, biologisch","5,2%",Guldenboot nv
Leireken Wilde Vruchten,"fruitbier, hoge gisting, biologisch","5,2%",Guldenboot nv
Leireken Witte Spelt,"blond, hoge gisting, spelt",5%,Guldenboot nv
L'Enfant Terrible,"hoge gisting, oak aged",7%,Brouwerij De Dochter van de Korenaar
Lesage Blond,"hoge gisting, tripel",7%,bierfirma Lesage
Lesage Dubbel,hoge gisting,"7,5%",bierfirma Lesage
Leute Bokbier,"roodbruin, hoge gisting","7,5%",Brouwerij Van Steenberge
Li Berwette,"amber, hoge gisting",8%,Confrérie du Busson
Li Berwette di Noyè,donker kerstbier,"8,5%",Confrérie du Busson
Li P'tite Gayoûle,saison,"5,5%",NovaBirra
Liefmans Cuvée-Brut,fruitbier,6%,Brouwerij Liefmans
Liefmans Frambozenbier,fruitbier,"5,4%",Brouwerij Liefmans
Liefmans Fruitesse Rood,fruitbier,"4,2%",Brouwerij Liefmans
Liefmans Goudenband,bruin,8%,Brouwerij Liefmans
Liefmans Oud Bruin,oud bruin,5%,Brouwerij Liefmans
Liene,"amber, tripel",7%,'t Hofbrouwerijke in opdracht van Brouwerij Het Nest
Liers Kerstbier,"amber, kerstbier",6%,stad Lier
Lily Blue,hoge gisting,"7,5%",Brasserie Sainte-Hélène
Limburgse Witte,hoge gisting,5%,Brouwerij Sint-Jozef
Limerick,blond,8%,bierfirma Bas-bieren
Lindemans Apple,lambiek,"3,5%",Brouwerij Lindemans
Lindemans Cassis,Fruitbier,"3,5%",Brouwerij Lindemans
Lindemans Framboise,lambiek,"2,5%",Brouwerij Lindemans
Lindemans Kriek,kriek,4%,Brouwerij Lindemans
Lindemans Pecheresse,fruitbier,"2,5%",Brouwerij Lindemans
Liter van Pallieter,tripel,8%,Microbrouwerij Achilles
Living Tripel,tripel,9%,De Proefbrouwerij
Livinus,"blond, hoge gisting",10%,Brouwerij Van den Bossche
Livinus Blonde,tripel,10%,Brouwerij Van Eecke
Livinus Brune,donker,9%,Brouwerij Van Eecke
Lokernaere,etiketbier,"5,5%",Brouwerij Het Sas
Loterbol 6°,hoge gisting,6%,Brouwerij Loterbol
Loterbol Blond,hoge gisting,8%,Brouwerij Loterbol
Loterbol Bruin,hoge gisting,8%,Brouwerij Loterbol
Lou Pepe,geuze,5%,Brasserie Cantillon
Lousberg,tripel,8%,Het Hinkelspel
Louwaege Dubbel Blond,tafelbier,"1,4%",Brouwerij Louwaege
Louwaege Faro,tafelbier,"1,4%",Brouwerij Louwaege
Louwaege's Kriek,kriek,"4,3%",Brouwerijen Alken-Maes
Louwaege Stout,stout,"4,8%",Brouwerij Louwaege
Lozen Boer,"hoge gisting, quadrupel",10%,de familie Neyt
Lucifer,"blond, hoge gisting","8,4%",Brouwerij Het Anker
Lupulus Blonde,hoge gisting,"8,5%",Brasserie les 3 Fourquets
Lupulus Brune,tripel,"8,5%",Brasserie les 3 Fourquets
Lusja,bruin,7%,Bierfirma NoordSter
Lustem,tarwebier,7%,De Verhuisbrouwerij
Ma Mère Spéciale,donkerblond,6%,Brouwerij De Leite
Maerlant,tripel,9%,Brouwerij Van Steenberge
Maes,pils,"5,2%",Alken-Maes
Maes Nature,tafelbier,"1,5%",Alken-Maes
Mageleno,blond,"7,5%",Huisbrouwerij Sint Canarus
Malheur 6,goudblond,6%,Brouwerij De Landtsheer
Malheur 8,blond,8%,Brouwerij De Landtsheer
Malheur 10,blond,10%,Brouwerij De Landtsheer
Malheur 12,roodbruin,12%,Brouwerij De Landtsheer
Malheur Bière Brut,blond,11%,Brouwerij De Landtsheer
Malheur Dark Brut,donkerbruin,12%,Brouwerij De Landtsheer
Malheur Cuvée Royale,blond,9%,Brouwerij De Landtsheer
Maltosa,"bruin, tafelbier","1,2%",Brouwerij Haacht
Mamouche,lambiek,5%,Brouwerij Cantillon
Maneblusser,blond,6%,Brouwerij Het Anker
Manneken Pils,pils,"5,2%",Brouwerij Lefebvre
Mano Negra,imperial stout,10%,Brouwerij Alvinne
Manten,hoge gisting,6%,Brouwerij Gulden Spoor
Marckloff,hoge gisting,"6,5%",Brasserie La Ferme au Chêne
Maredsous blond,blond,6%,Brouwerij Duvel Moortgat
Maredsous bruin,bruin,8%,Brouwerij Duvel Moortgat
Maredsous tripel,tripel,10%,Brouwerij Duvel Moortgat
Mariënrode Double,bruin,8%,Halen Breweries
Mariënrode Quadruple,bruin,12%,Halen Breweries
Mariënrode Triple,tripel,"9,1%",Halen Breweries
Maris Otter Aperitiefbier,blond,5%,De Proefbrouwerij
Margriet,etiketbier,"6,5%",Brouwerij Het Anker
Martens Pils,pils,5%,Brouwerij Martens
Martin’s Blond,hoge gisting,6%,Group John Martin
Martin’s Pale Ale,hoge gisting,"5,5%",Group John Martin
Mater Witbier,tarwebier,5%,Brouwerij Roman
Mc Chouffe,donker,"8,0%",Brasserie d'Achouffe
Mc Thals,"blond, hoge gisting","9,5%",Brouwerij DijkWaert
Melchior,amber,11%,Brouwerij Alvinne
Melchior Oak Aged,oak aged,11%,Brouwerij Alvinne
Melse God,blond,"6,5%",Brouwerij Huyghe
Merck toch hoe sterck,gerstewijn,9%,De Scheldebrouwerij
Métisse Saison,saison,"5,7%",De Lion à Plume
Meuuh!,witbier,"5,5%",Confrérie du Busson
Mistinguett,hoge gisting,"6,5%",Brasserie Sainte-Hélène
Modeste Bruin,"bruin, biologisch","7,8%",BioFresh
Modeste Tripel,"tripel, biologisch","8,4%",BioFresh
Moeder Overste,blond,8%,Brouwerij Lefebvre
Moinette Blonde,blond,8%,Brasserie Dupont
Moinette Brune,bruin,"8,5%",Brasserie Dupont
Moinette Biologique,"blond, biologisch","7,5%",Brasserie Dupont
Molse Tripel,tripel,"8,3%",Scheldebrouwerij
Mongozo Banana,fruitbier,"4,5%",Brouwerij Huyghe
Mongozo Coconut,fruitbier,"3,5%",Brouwerij Huyghe
Mongozo Mango,fruitbier,"3,6%",Brouwerij Huyghe
Mongozo Palmnut,fruitbier,7%,Brouwerij Huyghe
Mongozo Premium Pilsener,"pils, biologisch",5%,Brouwerij Huyghe
Mongozo Quinua,fruitbier,"5,9%",Brouwerij Huyghe
Monk's Stout,stout,"5,2%",Brasserie Dupont
Mont-Saint-Aubert,tripel,8%,Brasserie de Brunehaut
Montagnarde,amber,9%,Brasserie de l'Abbaye des Rocs
Montagnarde Altitude 6,blond,6%,Brasserie de l'Abbaye des Rocs
Morpheus Dark,hoge gisting,"10,2%",Brouwerij Alvinne
Morpheus Extra RA,hoge gisting,"7,1%",Brouwerij Alvinne
Morpheus Tripel,"hoge gisting, tripel","8,7%",Brouwerij Alvinne
Morpheus Wild,Vlaams oud bruin,"5,9%",Brouwerij Alvinne
Mort Subite Cassis,fruitbier,"4,5%",Brouwerijen Alken-Maes
Mort Subite Faro,faro,4%,Alken-Maes
Mort Subite Framboise,fruitbier,5%,Alken-Maes
Mort Subite Gueuze,geuze,"4,5%",Alken-Maes
Mort Subite Kriek,fruitbier,"4,5%",Alken-Maes
Mort Subite Original Gueuze,geuze,"4,5%",Alken-Maes
Mort Subite Original Kriek,fruitbier,"4,5%",Alken-Maes
Mort Subite Oude Gueuze,oude geuze,7%,Alken-Maes
Mort Subite Oude Kriek,oude kriek,"6,5%",Alken-Maes
Mort Subite Pêche,fruibier,"4,5%",Alken-Maes
Mort Subite Xtreme Framboise,fruitbier,"4,3%",Alken-Maes
Mort Subite Xtreme Kriek,fruitbier,"4,3%",Alken-Maes
Mort Subite Xtreme Manzana,fruitbier,"4,2%",Alken-Maes
Mort Subite Witte Lambic,lambiek,5%,Alken-Maes
Motuecha,hoge gisting,5%,De Struise Brouwers
Moulin de Hollange – Blonde d’Epeautre,"hoge gisting, speltbier",6%,Brasserie Millevertus
Mouten Kop,koperkleurig India Pale Ale,6%,De Hopjutters
Mug,hoge gisting,5%,De Scheldebrouwerij
Myn's Pils,pils,5%,Brasserie de Silly
Mystic Krieken,"hoge gisting, fruitbier","3,5%",Brouwerij Haacht
Mystic Limoen,"hoge gisting, fruitbier","3,5%",Brouwerij Haacht
Mystic Perzik,"hoge gisting, fruitbier","3,7%",Brouwerij Haacht
'n Maurootje,donkerblond,7%,Brouwerij Alvinne
'n Peerdevisscher,bruin,"6,5%",Brouwerij Strubbe
'n Slypke,"roodbruin, etiketbier",6%,Brouwerij Van Eecke
'n Toeback,hoge gisting,"9,5%",Scheldebrouwerij
Naked Ladies,hoge gisting,"4,4%",Brouwerij Alvinne
Napoleon,donker,7%,Affligem Brouwerij
Ne Flierefluiter,tripel,"8,5%",Brouwerij De Smedt in opdracht van bierfirma Fisser
Ne Janneman,"hoge gisting, blond",7%,Brouwerij Kerkom in opdracht van drankenservice Pelgrims
Ne Kopstoot,"hoge gisting, goudkleur",7%,Brasserie de Brunehaut
Ne Snoeper,tripel,10%,'t Hofbrouwerijke
Nelle van Cruysem,"hoge gisting, amber",6%,Huisbrouwerij Sint Canarus
Nello's Blond,blond,7%,Brouwerij De Arend
Nello's Tripel,tripel,,Brouwerij De Arend
Nen Bangelijke,sterk blond,8%,Brouwerij 't Pakhuis
Nen Biskop,blond,"6,4%",Stichting Marcel De Bisschop
Nen Kerstbal,kerstbier,8%,voor bierfirma Vacas
Nen Uts,speciale belge,7%,De Hoevebrouwers
Netebuk,sterk blond,"6,5%",Brouwerij Gulden Spoor
Neuzebier Tripel,blonde tripel,"6,9%",brouwerij De Neus
Neuzebier Tripel Bruin,donkere tripel,8%,brouwerij De Neus
Newton,fruitbier,"3,5%",Brouwerij Lefebvre
N'Ice Chouffe,donker seizoensbier,10%,Brasserie d'Achouffe
Nivoo,tripel,7%,GIBRIT
Noblesse,"hoge gisting, blond","5,5%",Brouwerij De Dochter van de Korenaar
Noblesse Extra,"hoge gisting, IPA",7%,Brouwerij De Dochter van de Korenaar
Noël de Silenrieux,"tripel, kerstbier",9%,Brasserie de Silenrieux
Noir de Dottignies,hoge gisting,9%,Brouwerij De Ranke
Nondedju,tripel,"10,7%",Montaigu
Nonneke,donker,8%,Nonneke
NOORderbierke,"hoge gisting, amberblond","8,1%",Brouwerij Donum Ignis
Norman,blond,7%,Bierfirma NoordSter
Nostradamus,"hoge gisting, bruin",9%,Brasserie Caracole
Notre Passion,porter,8%,Montaigu
Nounnette,blond,"7,5%",Brasserie de l'Abbaye des Rocs
Novice Blue,goudblond,"8,5%",Brouwerij De Landtsheer
Novice Tripel Black,"bruin, tripel","8,5%",Brouwerij De Landtsheer
Nuits Blanches,,"7,5%",Brasserie de l'Abbaye des Rocs
Odlo Blond,hoge gisting,"6,7%",Huisbrouwerij Odlo
Odlo Hivernum,"winterbier, Belgian Imperial Stout","8,7%",Huisbrouwerij Odlo
Odlo Triviaal,tripel,"8,2%",Huisbrouwerij Odlo
Oeral,India Pale Ale,6%,De Dolle Brouwers
Oerbier,hoge gisting,"7,5%",De Dolle Brouwers
Oerbier special Reserva,hoge gisting,"13,0%",De Dolle Brouwers
Oesterstout,stout,"8,5%",De Scheldebrouwerij
Omer.,"hoge gisting, blond",8%,Brouwerij Bockor
Ommegang,"strogeel, hoge gisting",8%,Brouwerij Haacht
Ondineke,tripel,"8,5%",Brouwerij De Glazen Toren
Op-Ale,ale,5%,Affligem Brouwerij
Opitter,export,,Brouwerij Sint-Jozef
Ops-Ale,blond,"5,5%",Brouwerij Sint-Jozef
Orval,trappist,"6,2%",Abdij Notre-Dame d'Orval
Orvélo,tripel,"7,5%",bierfirma Half Zeven
Oudbeitje,aardbeienlambiek,6%,Hanssens Artisanaal
Oud Bier,tafelbier,"2,1%",Brouwerij Strubbe
Oud Tassels,tripel,"8,5%",Bier- en Wijnhandel De Neys-Asselman
Oud Kriekenbier,fruitbier,6%,Brouwerij Strubbe
Oud Zottegems Bier,hoge gisting,"6,5%",Brouwerij Strubbe
Oude Geuze 3 Fonteinen,geuze,7%,Geuzestekerij 3 Fonteinen
Oude Geuze Vintage 3 Fonteinen,geuze,6%,Geuzestekerij 3 Fonteinen
Oudenaards,Hoge gisting,5%,Brouwerij Roman
Oude Geuze Boon,geuze,"6,5%",Brouwerij Boon
Oude Geuze De Cam,geuze,6%,Geuzestekerij De Cam
Oude Geuze Oud Beersel,geuze,6%,Brouwerij Oud Beersel
Oude Gueuze Hanssens,geuze,6%,Hanssens Artisanaal
Oude Gueuze Tilquin à l'ancienne,geuze,"6,0%",Gueuzerie Tilquin
Oude Kriek 3 Fonteinen,lambiek/kriek,6%,Geuzestekerij 3 Fonteinen
Oude Kriek Boon,lambiek,"6,5%",Brouwerij Boon
Oude Kriek De Cam,lambiek/kriek,"6,5%",Geuzestekerij De Cam
Oude Kriek Hanssens,lambiek/kriek,6%,Hanssens Artisanaal
Oude Kriek Oud Beersel,lambiek,"6,5%",Brouwerij Oud Beersel
Oude Lambiek De Cam,lambiek,5%,Geuzestekerij De Cam
Oude Quetsche Tilquin à l'ancienne,lambiek,"6,4%",Gueuzerie Tilquin
Outblack,Belgian Strong Ale,10%,De Struise Brouwers
Oxymore,"amber, hoge gisting",5%,Brasserie Oxymore
Paasei,bruin,"7,8%",voor bierfirma Vacas
Pa-Gijs,bruin,"8,5%",Brouwerij Boelens
Paix-Dieu,abdijbier,10%,Brasserie Caulier
Paljas Blond,blond,6%,Brouwerij Henricus
Paljas Bruin,bruin,6%,Brouwerij Henricus
Paljas IPA,"amber, IPA",6%,Brouwerij Henricus
Palm,spéciale belge,"5,4%",Brouwerij Palm
Palm Dobbel,kerstbier,6%,Brouwerij Palm
Palm Green,alcoholarm,"0,25%",Brouwerij Palm
Palm Hopper,hoge gisting,6%,Brouwerij Palm
Palm Hop Select,hoge gisting,6%,Brouwerij Palm
Palm N.A,alcoholarm,"0,25%",Brouwerij Palm
Palm Royale,hoge gisting,"7,5%",Brouwerij Palm
Palm Sauvin,hoge gisting,"4,9%",Brouwerij Palm
Palm Speciale,spéciale belge,"5,2%",Brouwerij Palm
Pandreitje,donkerblond,7%,Brouwerij De Regenboog
Pannepot,hoge gisting,10%,De Struise Brouwers
Pannepot Reserva,"hoge gisting, bruin",10%,De Struise Brouwers
Pannepot Grand Reserva Vintage,"hoge gisting, bruin",10%,De Struise Brouwers
Pannepeut,hoge gisting,10%,De Struise Brouwers
Papegaei,hoge gisting,8%,Brouwerij Verstraete
Passchendaele,hoge gisting,"5,2%",Brouwerij Van Honsebrouck
Passendale,amber,6%,Brouwerij Duvel Moortgat
Pater,streekbier,6%,De Lelie
Pater Lieven Blond,abdijbier,"6,5%",Brouwerij Van Den Bossche
Pater Lieven Bruin,abdijbier,"6,5%",Brouwerij Van Den Bossche
Pater Lieven Tripel,abdijbier,8%,Brouwerij Van Den Bossche
Pater Lieven Wit,abdijbier,8%,Brouwerij Van Den Bossche
Pater Verbiest Blond,"biologisch, blond","6,5%",De Proefbrouwerij
Pater Verbiest Donker,"biologisch, donker",9%,De Proefbrouwerij
Paternoster Dubbel,bruin dubbel,8%,Microbrouwerij Achilles in De Proefbrouwerij in opdracht van Paters en Prinsen
Paternoster Tripel,tripel,8%,Brouwerij Anders! in opdracht van Paters en Prinsen
Patrasche dubbel,donkerbruin,8%,Brouwerij De Arend
Paulus,oud bruin,6%,Brouwerij Het Sas
Paus,streekbier,"8,5%",De Lelie
Pauwel Kwak,speciaalbier,"8,4%",Brouwerij Bosteels
Pax Pils,pils,"4,6%",Brouwerij Sint-Jozef
Pêche Mel Bush,fruitbier,"8,5%",Brouwerij Dubuisson
Pee Klak Grand Cru,etiketbier,"8,4%",Brouwerij Crombé
Père Abbé,tripel,"7,3%",Brasserie Du Bocq
Père Noël,kerstbier,7%,Brouwerij De Ranke
Peter Benoit,etiketbier,5%,Brouwerij Het Sas
Petrus Aged Pale,aged pale,"7,3%",Brouwerij Bavik
Petrus Blond,"hoge gisting, blond","6,6%",Brouwerij Bavik
Petrus Dubbel Bruin,bruin,"6,5%",Brouwerij Bavik
Petrus Gouden Tripel,tripel,"7,5%",Brouwerij Bavik
Petrus Oud Bruin,oud bruin,"5,5%",Brouwerij Bavik
Petrus Speciale,speciaalbier,"5,5%",Brouwerij Bavik
Petrus Winterbier,winterbier,"6,5%",Brouwerij Bavik
Phaedra,amber,6%,Brouwerij Het Alternatief
Pick-Up,pils,5%,Brouwerij Walrave
Piedbœuf Blonde,tafelbier,"1,5%",Brouwerij Piedbœuf
Piedbœuf Brune,tafelbier,"1,5%",Brouwerij Piedbœuf
Piedbœuf Excellence,tafelbier,2%,Brouwerij Piedbœuf
Piedbœuf Foncée,tafelbier,"1,5%",Brouwerij Piedbœuf
Piedbœuf Triple,tafelbier,"3,8%",Brouwerij Piedbœuf
Pierewietje,,6%,Brouwerij De Regenboog
Piet-Agoras,hoge gisting,9%,Brouwerij Het Alternatief
Pikkeling,"amber, hoge gisting","6,2%",Brouwerij Slaghmuylder in opdracht van VVV De Faluintjesstreek
Pikkeling Tripel,tripel,8%,Brouwerij Boelens in opdracht van VVV De Faluintjesstreek
Pilaarbijter Blond,hoge gisting,"7,2%",Brouwerij Bavik
Pilaarbijter Bruin,hoge gisting,"6,5%",Brouwerij Bavik
Pils de Brabant,pils,"4,9%",Groep John Martin
Pimpernelle,"tripel, biologisch",8%,Brouwerij Jessenhofke
Pink Killer,"hoge gisting, fruitig witbier",5%,Brasserie de Silly
Pipedream,IPA,"7,8%",Brouwerij Alvinne
Piraat,hoge gisting,"10,5%",Brouwerij Van Steenberge
Pissenlit,saison,8%,Brasserie Fantôme
Plezir Blond,pils,"5,5%",Brouwerij Sint-Jozef in opdracht van Zirvest Cvba
Plezir Brown,hoge gisting,"7,1%",Brouwerij Sint-Jozef in opdracht van Zirvest Cvba
Plezir D Lux Blond,blond aperitiefbier,"6,7%",Brouwerij Sint-Jozef in opdracht van Zirvest Cvba
Plezir D Lux Rosé,rosébier,"5,2%",Brouwerij Sint-Jozef in opdracht van Zirvest Cvba
Ploegsteert,,"5,4%",Brouwerij Verhaeghe Vichte
Plokkersbier,amber,7%,Brouwerij De Bie
PMPRNL,"tripel, biologisch",8%,Brouwerij Jessenhofke
Podge Belgian Imperial Stout,stout,"10,5%",Brouwerij Alvinne
Podge Oak Aged Stout,stout,11%,Brouwerij Alvinne
Polygonneke,"roodbruin, etiketbier",6%,Brouwerij Van Eecke
Postel Blond,"blond, abdijbier",7%,Affligem Brouwerij
Postel Christmas,roodbruin abdijbier,9%,Brouwerijen Alken-Maes
Postel Dubbel,"bruin, abdijbier",7%,Affligem Brouwerij
Postel Tripel,"blonde tripel, abdijbier","8,5%",Affligem Brouwerij
Potteloereke,bruin,8%,Huisbrouwerij Sint-Canarus
Poorter,abdijbier,"6,5%",Brouwerij Sterkens
Poperings Hommelbier,hoge gisting,"7,5%",Brouwerij Van Eecke
Poperings Nunnebier,hoge gisting,"7,2%",Brouwerij Verhaeghe
Préaris Blond,hoge gisting,6%,Vliegende Paard Brouwers
Préaris Quadrupel,Belgian Strong Ale,10%,Vliegende Paard Brouwers
Préaris IPA,IPA,"6,7%",Vliegende Paard Brouwers
Prima Leroy,tafelbier,"3,25%",Brouwerij Het Sas
Primus,pils,"5,2%",Brouwerij Haacht
Prins van Horne,amber,"7,9%",Vryheytscamme
Prinsesken,"lichtrood, fruitbier","6,5%",Brouwerij Boelens
Puitenkop,IPA,"5,6%",Brouwerij 't Paenhuys
Qantelaar,quadrupel,8%,bierfirma Proefbrouwerij d'oude maalderij
Quadrigenti,blond,"5,6%",bierfirma Montaignu
Quest,blond,9%,Brouwerij De Graal
Queueu de Charrue Ambrée,amber,"5,6%",Brouwerij Verhaeghe Vichte in opdracht van Brouwerij Vanuxeem
Queueu de Charrue Blonde,"blond, hoge gisting","6,6%",Brouwerij Verhaeghe Vichte in opdracht van Brouwerij Vanuxeem
Queueu de Charrue Brune,oud bruin,"5,4%",Brouwerij Verhaeghe Vichte in opdracht van Brouwerij Vanuxeem
Queueu de Charrue Triple,tripel,9%,Brouwerij Van Steenberge in opdracht van Brouwerij Vanuxeem
Quackelbeens Donker,"hoge gisting, chocoladebier","7,1%",Alain Quackelbeen
Quintine Ambrée,hoge gisting,"8,5%",Brasserie Ellezelloise
Quintine Bio Organic,"hoge gisting, biologisch","5,9%",Brasserie Ellezelloise
Quintine Blonde,hoge gisting,8%,Brasserie Ellezelloise
Rader Ambrée,amber,"10,5%",Stokerij Radermacher
Rader Blonde,blond,"6,5%",Stokerij Radermacher
Ramée Amber,"abdijbier, amber","7,5%",Brasserie de Brunehaut
Ramée Triple Blond,"tripel, blond",8%,Brasserie de Brunehaut
Rebel Local,IPA,"8,5%",Brouwersverzet
Redbach,fruitbier,"3,5%",Brouwerij Rodenbach
Redbocq,fruitbier,"3,1%",Brasserie Du Bocq
Redor,pils,5%,Brasserie Dupont
Regal Christmas,bruin,"8,1%",Brasserie Du Bocq
Reinaert Blond,amber,7%,De Proefbrouwerij
Reinaert Grand Cru,amber,"9,5%",De Proefbrouwerij
Reinaert Tripel,blond,9%,De Proefbrouwerij
Reninge Bitter Blond,blond,7%,Seizoensbrouwerij Vandewalle
Reninge Oud Bruin,bruin,6%,Seizoensbrouwerij Vandewalle
Revolucion Mexicana’10,lage gisting,5%,Group John Martin
Ridder,alcoholarm,"2,25%",Brouwerij Het Sas
Riebedebie,tripel,9%,Brouwerij De Bie
Ribaldus blond,blond,"7,5%",bierfirma Ribaldus
Riva Blanche,witbier,5%,Brouwerij Riva
Robustus,quadrupel,10%,Brouwerij Het Gulden Spoor
Rochefort 6,trappist,"7,5%",Abdij Notre-Dame de Saint-Rémy
Rochefort 8,trappist,"9,2%",Abdij Notre-Dame de Saint-Rémy
Rochefort 10,trappist,"11,3%",Abdij Notre-Dame de Saint-Rémy
Rodenbach,oud bruin,"5,2%",Brouwerij Rodenbach
Rodenbach Alexander,oud bruin,6%,Brouwerij Rodenbach
Rodenbach Caractère Rouge,oud bruin,7%,Brouwerij Rodenbach
Rodenbach Grand Cru,oud bruin,6%,Brouwerij Rodenbach
Rodenbach Vintage,oud bruin,7%,Brouwerij Rodenbach
Rogier,speciale belge,"6,5%",Traagwater
Romy Pils,pils,"5,1%",Brouwerij Roman
Romy Luxe,pils,"5,6%",Brouwerij Roman
Ronsischen Dubbel,winterbier,"7,4%",bierfirma Slaapmutske
Ronsischen Tripel,tripel,8%,bierfirma Slaapmutske
Roodebol,fruitbier,"6,6%",Brouwerij Loterbol
Rosdel,amber,"5,8%",Brouwerij Nieuwhuys
Rosé de Gambrinus,"fruitbier, lambiek","5,5%",Brasserie Cantillon
Rose des Remparts,fruitbier,"4,5%",Brasserie La Binchoise
Rosé Max,fruitbier,"4,5%",Brouwerij Bockor
Roste Jeanne,Belgian ale,7%,De Struise Brouwers
Rousse de Brabant,koper-amber,"5,2%",Groep John Martin
RSRV,"biologisch, roodbruin",10%,Brouwerij Jessenhofke
's Lands Souvenirs Du Terroir,bruin,11%,Brouwerij De Landtsheer
Safir,pils,5%,InBev
Saint-Benoît Blonde,"blond, hoge gisting","6,3%",Brasserie du Bocq
Saint-Benoît Brune,"donker, hoge gisting","6,5%",Brasserie du Bocq
Saint-Lamvinus,"fruitbier, lambiek",6%,Brouwerij Cantillon
Saint-Monon Ambrée,amber,"6,5%",Brasserie Saint-Monon
Saint-Monon au Miel,"tripel, honingbier",8%,Brasserie Saint-Monon
Saint-Monon Brune,dubbel,"7,5%",Brasserie Saint-Monon
Saison 1858,saison,"6,4%",Brasserie du Bocq
Saison 1900,"amber, saison","5,2%",Brouwerij Lefebvre
Saison 2000,saison,"6,5%",Brasserie des Légendes
Saison Cazeau,saison,5%,Brasserie de Cazeau
Saison de Dottignies,saison,"5,5%",Brouwerij De Ranke
Saison de la Senne,saison,"4,3%",Brasserie de la Senne
Saison de Mai,saison,"8,3%",Brasserie Saint-Monon
Saison de Pipaix,saison,6%,Brasserie à Vapeur
Saison d'Epeautre,"blond, spelt",6%,Brasserie de Blaugies
Saison d'Erpe-Mere,saison,"6,9%",Brouwerij De Glazen Toren
Saison de Silly,"saison, amber",5%,Brasserie de Silly
Saison Dupont,saison,"6,5%",Brouwerij Dupont
Saison Dupont Bio,"saison, biologisch","5,5%",Brouwerij Dupont
Saison Dupont Cuvée Dry Hopping,saison,"6,5%",Brouwerij Dupont
Saison Regal,"saison, amber","5,5%",Brasserie du Bocq
Saison St-Feuillien,"saison, amber","6,5%",Brasserie Saint-Feuillien
Saison Voisin,"saison, amber",5%,Brasserie des Légendes
Santa Bee,bruin kerstbier,"8,5%",Brouwerij Boelens
Sara Blond,"blond, hoge gisting, boekweit",6%,Brasserie de Silenrieux
Sara Bruin,"bruin, hoge gisting, boekweit",6%,Brasserie de Silenrieux
Sas Brune,hoge gisting,"5,3%",Brouwerij Het Sas
Sas Export,export pils,5%,Brouwerij Het Sas
Sas Pils,pils,5%,Brouwerij Het Sas
Sasbräu,Dortmunder,"6,3%",Brouwerij Het Sas
Satan Gold,"blond, hoge gisting",8%,Brouwerij De Block
Satan Red,Vlaams bruin,8%,Brouwerij De Block
Saxo,hoge gisting,8%,Brasserie Caracole
Schaarbeekse Oude Kriek 3 Fonteinen,"fruitbier, lambiek",5%,Geuzestekerij 3 Fonteinen
Schapenkop,tripel,8%,Brouwerij 't Paenhuys
Scheldepils,pils,5%,de De Scheldebrouwerij
Schoenlappertje,zwarte-bessenbier,5%,De Scheldebrouwerij
Schultenbräu,pils,"4,9%",Aldi
Schuppenboer,tripel,"8,5%",Brouwerij Het Nest
Scotch C.T.S.,scotch,"7,2%",Inbev
Scotch Silly,"hoge gisting, scotch","7,8%",Brasserie de Silly
Seefbier,hoge gisting,"6,5%",Antwerpse Brouw Compagnie
Serafijn Blond,"blond, hoge gisting","6,2%",Microbrouwerij Achilles
Serafijn Donker,"bruin, hoge gisting",8%,Microbrouwerij Achilles
Serafijn Grand Cru,"amber, hoge gisting",9%,Microbrouwerij Achilles
Serafijn Tripel,tripel,8%,Microbrouwerij Achilles
Serafijn Kerstlicht,"amber, kerstbier",7%,Microbrouwerij Achilles
Sernia Brune,"scotch, etiketbier","7,2%",Inbev
Sezoens Blond,"hoge gisting, blond",6%,Brouwerij Martens
Sezoens Quattro,"hoge gisting, amber",8%,Brouwerij Martens
Shark Pants,Double IPA,9%,De Struise Brouwers
Silly Pils,pils,5%,Brasserie de Silly
Silly Pils Bio,"pils, biologisch",5%,Brasserie de Silly
Sinpalsken Blond,hoge gisting,"8,5%",Brouwerij De Cock
Sinpalsken Donker,hoge gisting,"8,5%",Brouwerij De Cock
Sint-Adriaansbier Blond,abdijbier,"6,5%",Brouwerij Van Steenberge
Sint-Adriaansbier Bruin,abdijbier,,Brouwerij Van Steenberge
Sint-Amatus,quadrupel,"10,5%",De Struise Brouwers
Sint Canarus Tripel,tripel,"7,5%",Huisbrouwerij Sint Canarus
Sinterklaas,Blond,"8,5%",Brouwerij Boelens
Sint-Gummarus Dubbel,,7%,Brouwerij Sint-Jozef
Sint-Gummarus Tripel,"hoge gisting, tripel",8%,Brouwerij Sint-Jozef
Sint-Idesbald,hoge gisting,"6,5%",Brouwerij Huyghe
Slaapmutske Blond,"hoge gisting, blond","6,4%",Brouwerij Slaapmutske
Slaapmutske Bruin,"hoge gisting, bruin",6%,Brouwerij Slaapmutske
Slaapmutske Bio Tripel,"biologisch, tripel , goudblond",8%,Brouwerij Slaapmutske
Slaapmutske Hop Collection ft. Kent Goldings,"hoge gisting, single hop",10%,Brouwerij Slaapmutske
Slaapmutske Tripel,"biologisch, tripel , goudblond","8,1%",Brouwerij Slaapmutske
Slaapmutske Christmas,"hoge gisting, kerstbier","7,4%",Brouwerij Slaapmutske
Slaapmutske Dry Hopped Lager,"lage gisting, Dortmunder","5,3%",Brouwerij Slaapmutske
Slaefke,tripel,"7,5%",De Verhuisbrouwerij
Slag Lager,pils,5%,Brouwerij Slaghmuylder
Slaghmuylder's Kerstbier,"lage gisting, blond","5,2%",Brouwerij Slaghmuylder
Slaghmuylder's Paasbier,"lage gisting, blond","5,2%",Brouwerij Slaghmuylder
Slim³,bovengisting,8%,SLIM
Sloeber,hoge gisting,"7,5%",Brouwerij Roman
Smisje Kerst,donker amber,11%,Brouwerij Smisje
Smiske,blond,7%,Brouwerij Smisje
Smiske Bruin,dubbel,7%,Brouwerij Smisje
Smiske Extra,tripel,7%,Brouwerij Smisje
Smiske Winter,donker amber,11%,Brouwerij Smisje
Snaaskerstbier,kerstbier,8%,Brouwerij Deca
Snoek Blond,hoge gisting,"7,5%",“Mout- en Brouwhuis De Snoek”
Snoek Bruin,hoge gisting,"5,5%",“Mout- en Brouwhuis De Snoek”
Snowbuk,saison,6%,Brouwerij Gulden Spoor
Snuffelbeer,"goud, hoge gisting",6%,Brouwerij De Regenboog
Sparta Pils,pils,5%,Brouwerij Van Steenberge
Special 6 Block,"amber, hoge gisting",6%,Brouwerij De Block
Special De Ryck,"hoge gisting, amber","5,5%",Brouwerij De Ryck
Special Extra Export Stout,stout,9%,De Dolle Brouwers
Special Roman,bruin,"5,5%",Brouwerij Roman
Speciale 1900,amber,5%,Brouwerij Haacht
Spéciale de Brabant,pils,"5,3%",Groep John Martin
Speculoos Bier,hoge gisting,8%,Brasserie d'Ecaussinnes
Spelziale,ale,"4,5%",Brasserie Millevertus
Spioenkopje,"fruitbier, witbier",5%,den Haene
Spitfire Oud Balegems,amber,"8,0%",Brouwerij Van Steenberge
St. Bernardus Abt 12,hoge gisting,"10,5%",Brouwerij St. Bernardus
St. Bernardus Christmas Ale,kerstbier,10%,Brouwerij St. Bernardus
St. Bernardus Extra 4,blond seizoensbier,"4,8%",Brouwerij St. Bernardus
St. Bernardus Pater 6,hoge gisting,"6,7%",Brouwerij St. Bernardus
St. Bernardus Prior 8,hoge gisting,8%,Brouwerij St. Bernardus
St. Bernardus Tripel,hoge gisting,8%,Brouwerij St. Bernardus
St. Bernardus Wit,witbier,"5,5%",Brouwerij St. Bernardus
Sint-Idesbald Réserve Ten Duinen Blond,Erkend Belgisch Abdijbier,"6,5%",Brouwerij Huyghe
Sint-Idesbald Réserve Ten Duinen Dubbel,Erkend Belgisch Abdijbier,8%,Brouwerij Huyghe
Sint-Idesbald Réserve Ten Duinen Rousse,Erkend Belgisch Abdijbier,7%,Brouwerij Huyghe
Sint-Idesbald Réserve Ten Duinen Tripel,"Erkend Belgisch Abdijbier, tripel",9%,Brouwerij Huyghe
St. Benoit Blonde,abdijbier,"6,3%",Brasserie du Bocq
St. Benoit Brune,abdijbier,"6,5%",Brasserie du Bocq
St. Feuillien Blonde,Erkend Belgisch Abdijbier,"7,5%",Brouwerij St-Feuillien
St. Feuillien Brune Réserve,Erkend Belgisch Abdijbier,"7,5%",Brouwerij St-Feuillien
Grand Cru St-Feuillien Grand Cru,Erkend Belgisch Abdijbier,"9,5%",Brasserie Saint Feuillien
St. Feuillien Triple,Erkend Belgisch Abdijbier,"8,5%",Brouwerij St-Feuillien
St. Feuillien Cuvée de Noël,"Erkend Belgisch Abdijbier, kerstbier","8,5%",Brouwerij St-Feuillien
St. Firminus Blond,abdijbier,,Brasserie Du Bocq
St. Firminus Bruin,abdijbier,,Brasserie Du Bocq
St. Louis Cassis,fruitbier,"4,5%",Brouwerij Van Honsebrouck
St. Louis Framboise,frambozenbier,"5 en 4,5%",Brouwerij Van Honsebrouck
St. Louis Frambozen,frambozenbier,5%,Brouwerij Van Honsebrouck
St. Louis Gueuze,geuze,"5 en 4,5%",Brouwerij Van Honsebrouck
St. Louis Gueuze Fond Tradition,geuze,5%,Brouwerij Van Honsebrouck
St. Louis Kriek Lambic,kriek,"4,5%",Brouwerij Van Honsebrouck
St. Louis Peche,fruitbier,"3,5%",Brouwerij Van Honsebrouck
St. Louis Premium Cassis,fruitbier,"3,2%",Brouwerij Van Honsebrouck
St. Louis Premium Faro,faro,"3,2%",Brouwerij Van Honsebrouck
St. Louis Premium Framboise,fruitbier,"2,8%",Brouwerij Van Honsebrouck
St. Louis Premium Kriek,kriek,"3,2%",Brouwerij Van Honsebrouck
St. Louis Premium Pêche,fruitbier,"2,6%",Brouwerij Van Honsebrouck
St. Paul Blond,abdijbier,"5,3%",Brouwerij Sterkens
St. Paul Double,abdijbier,"6,9%",Brouwerij Sterkens
St. Paul Speciale,abdijbier,"5,5%",Brouwerij Sterkens
St. Paul Tripel,"abdijbier, tripel",5%,Brouwerij Sterkens
St. Sebastiaan Dark,abdijbier,"6,9%",Brouwerij Sterkens
St. Sebastiaan Grand Cru,abdijbier,"7,6%",Brouwerij Sterkens
Star Blond,blond,"0,4%",Brouwerij Haacht
Steenbrugge Blond,"abdijbier, blond","6,5%",Brouwerij Palm
Steenbrugge Dubbel Bruin,"abdijbier, tripel, bruin","6,5%",Brouwerij Palm
Steenbrugge Tripel,abdijbier,"8,7%",Brouwerij Palm
Steenbrugge Wit,witbier,5%,Brouwerij Palm
Steendonk,witbier,"4,5%",Brouwerij Duvel Moortgat
Steenuilke,hoge gisting,"6,5%",Brouwerij De Rijck
Stella Artois,"pils, lage gisting","5,2%",InBev
Stepa,"tripel, suikervrij",8%,Stepaja bvba
Stille Nacht,donker,12%,De Dolle Brouwers
Stoere Wulp,bruin,"6,5%",De Proefbrouwerij
Stoeren Bonk,amber,"6,3%",Brouwerij Van Steenberge
Stoeren Bonk Blond,blond,8%,Brouwerij Van Steenberge
Stout Leroy,zoete stout,5%,Brouwerij Het Sas
Stoute Bie,donkerbruin,"5,5%",Brouwerij De Bie
Stouterik,stout,"4,5%",Brasserie de la Senne
Straffe Hendrik,"hoge gisting, tripel",9%,Brouwerij De Halve Maan
Straffe Hendrik Quadrupel,"hoge gisting, speciaalbier",11%,Brouwerij De Halve Maan
Straffe Toeback,hoge gisting,"9,5%",Scheldebrouwerij
Straffe Winter,geuze,8%,Geuzestekerij 3 fonteinen
Strandgaper,goud,"6,2%",De Scheldebrouwerij
Strandjuttersbier Mong De Vos,quadrupel,"9,2%",bierfirma Den Haene
Stropken,amber,7%,Brouwerij Bios
Strubbe Pils,pils,"5,2%",Brouwerij Strubbe
Struise Rosse,"hoge gisting, Belgische pale ale",5%,De Struise Brouwers
Struise Witte,hoge gisting,5%,De Struise Brouwers
Struiselensis,"hoge gisting, Belgische blonde ale",7%,De Struise Brouwers
Suma Pils,etiketbier,5%,Brouwerij Het Sas
Super 64,"hoge gisting, amber",5%,Brasserie de Silly
Super des Fagnes Blonde,"hoge gisting, blond","7,5%",Brasserie des Fagnes
Super des Fagnes Brune,"hoge gisting, bruin","7,5%",Brasserie des Fagnes
Super des Fagnes Griottes,"hoge gisting, kriek","4,8%",Brasserie des Fagnes
Super des Fagnes Scotch,"hoge gisting, scotch","7,5%",Brasserie des Fagnes
Super NoAH,IPA,"4,9%",Brouwers Verzet in Brouwerij De Ranke
Superpils,pils,"4,3%",Brouwerij Strubbe
Sur-les-Bois Ambrée,hoge gisting,8%,Brasserie La Botteresse de Sur-les-Bois
Sur-les-Bois Blonde,hoge gisting,7%,Brasserie La Botteresse de Sur-les-Bois
Sur-les-Bois Brune,hoge gisting,9%,Brasserie La Botteresse de Sur-les-Bois
Svea IPA,IPA,5%,De Struise Brouwers
't Baronneke,stout,"6,5%",'t Hofbrouwerijke
't Gaverhopke Blondje,hoge gisting,"6,8%",Brouwerij 't Gaverhopke
't Gaverhopke Bruintje,hoge gisting,"6,8%",Brouwerij 't Gaverhopke
't Gaverhopke Kerstbier,"hoge gisting, kerstbier","6,8%",Brouwerij 't Gaverhopke
't Gaverhopke Kriek,"hoge gisting, fruitbier","6,8%",Brouwerij 't Gaverhopke
't Gaverhopke Paasbier,"hoge gisting, paasbier",8%,Brouwerij 't Gaverhopke
't Schoenlappertje,zwarte-bessenbier,"6,5%",De Scheldebrouwerij
't Smisje + dubbel IPA,IPA,10%,Brouwerij De Regenboog
't Smisje Bananenbier,fruitbier,6%,Brouwerij De Regenboog
't Smisje BBBourgondier,hoge gisting,12%,Brouwerij De Regenboog
't Smisje Blond,hoge gisting,6%,Brouwerij De Regenboog
't Smisje Calva Reserva,hoge gisting,12%,Brouwerij De Regenboog
't Smisje Catherine The Great Imperial Stout,stout,10%,Brouwerij De Regenboog
't Smisje Cuvee 2005,hoge gisting,10%,Brouwerij De Regenboog
't Smisje Dubbel,hoge gisting,9%,Brouwerij De Regenboog
't Smisje Fiori,hoge gisting,7%,Brouwerij De Regenboog
't Smisje Grande Reserva,hoge gisting,11%,Brouwerij De Regenboog
't Smisje Great Reserva,hoge gisting,10%,Brouwerij De Regenboog
't Smisje Halloween,hoge gisting,"10,5%",Brouwerij De Regenboog
't Smisje Honing,honingbier,6%,Brouwerij De Regenboog
't Smisje Honingbier Bruin,honingbier,6%,Brouwerij De Regenboog
't Smisje Kuvee Elektrik 979 W,hoge gisting,9%,Brouwerij De Regenboog
't Smisje Meso,hoge gisting,"2,5%",Brouwerij De Regenboog
't Smisje Sleedoornbier,fruitbier,6%,Brouwerij De Regenboog
't Smisje Sleedoorn Extra,fruitbier,7%,Brouwerij De Regenboog
't Smisje Speciaal,hoge gisting,"10,5%",Brouwerij De Regenboog
't Smisje Tripel,tripel,9%,Brouwerij De Regenboog
't Zelfde,blond,4%,Brouwerij Bosteels
't Zwarte Gat Bier,donkerblond,6%,Brouwerij De Regenboog
Taras Boulba,blond,"4,5%",Brasserie de la Senne
Tatsevoet,speciale belge,6%,Brouwerij Het Alternatief
Tempelier,speciaalbier,6%,Brouwerij Corsendonk
Ter Dolen Armand,blond hoppig,7%,Brouwerij Ter Dolen
Ter Dolen Blond,blond,"6,1%",Kasteelbrouwerij De Dool
Ter Dolen Donker,bruin,"7,1%",Brouwerij Ter Dolen
Ter Dolen Kriek,fruitbier,"4,5%",Brouwerij Ter Dolen
Ter Dolen Tripel,tripel,"8,1%",Brouwerij Ter Dolen
Ter Dolen Winter,winterbier,"9,1%",Brouwerij Ter Dolen
Terracotta,blond,7%,Brouwerij De Regenboog
Thouroutenaere,blond,"8,5%",Alken-Maes
Timmermans Caveau Gueuze,geuze,"5,5%",Brouwerij Timmermans
Timmermans Faro Lambic,faro,4%,Brouwerij Timmermans
Timmermans Framboise Lambic,fruitbier,4%,Brouwerij Timmermans
Timmermans Gueuze Lambic,geuze,5%,Brouwerij Timmermans
Timmermans Kriek Lambic,kriek,4%,Brouwerij Timmermans
Timmermans Kriek Retro,fruitbier,5%,Brouwerij Timmermans
Timmermans Lambicus Blanche,witbier,"4,5%",Brouwerij Timmermans
Timmermans Oude Gueuze,lambiek,"5,5%",Brouwerij Timmermans
Timmermans Oude Kriek,kriekenlambiek,"5,5%",Brouwerij Timmermans
Timmermans Pêche Lambic,fruitbier,4%,Brouwerij Timmermans
Timmermans Strawberry Lambic,fruitbier,4%,Brouwerij Timmermans
Timmermans Warme Kriek,kriek,4%,Brouwerij Timmermans
Tineke Van Heule,hoge gisting,8%,Brouwerij Gulden Spoor
Titje,"hoge gisting, witbier",5%,Brasserie de Silly
Toetëlèr Amber Tripel,tripel,"8,5%",Brouwerij Den Toetëlèr
Toetëlèr Speculaas,speculaasbier,"8,5%",Brouwerij Den Toetëlèr
Toetëlèr Wit,witbier,"5,2%",Brouwerij Den Toetëlèr
Tongerlo Blond,"hoge gisting, abdijbier",6%,Brouwerij Haacht
Tongerlo Bruin,"hoge gisting, abdijbier",6%,Brouwerij Haacht
Tongerlo Christmas,"hoge gisting, abdijbier","6,5%",Brouwerij Haacht
Tongerlo Prior,"hoge gisting, abdijbier",8%,Brouwerij Haacht
Tongerlo Winterbier,"hoge gisting, abdijbier",7%,Brouwerij Haacht
Tonneke,"hoge gisting, amber",5%,Brouwerij Contreras
Toria Blond,hoge gisting,"6,5%",De Hoevebrouwers
Toria Tripel,"hoge gisting, tripel","8,7%",De Hoevebrouwers
Totentrekker,amber,"5,5%",Buitenlust
Tournay,hoge gisting,"6,7%",Brasserie de Cazeau
Tournay de Noël,"stout, kerstbier","8,2%",Brasserie de Cazeau
Tournay Noire,stout,"7,6%",Brasserie de Cazeau
Tournée Générale,spéciale belge,"6,5%",Brouwerij Duvel Moortgat
Tournée Générale Tripel Hop,"blond, hoge gisting","7,5%",Brouwerij Palm
Toverhekske,amber,"5,9%",Brouwerij Walrave
Trammelantje,amber,"6,5%",Bierfirma Den Haene
Trappieter,amber,"6,5%",Bierfirma Trappieter
Tremist,"hoge gisting, blond",6%,Extremis
Triest Blond,hoge gisting,6%,Microbrouwerij Den Triest
Triest Dubbel,hoge gisting,8%,Microbrouwerij Den Triest
Triest Kriek,"witbier, fruitbier","5,2%",Microbrouwerij Den Triest
Triest Tripel,"hoge gisting, tripel","7,5%",Microbrouwerij Den Triest
Triest X-mas,"hoge gisting, kerstbier","8,5%",Microbrouwerij Den Triest
Triomfbier Vooruit,amber,6%,Kunstencentrum Vooruit
Tripel Kanunnik,tripel,"8,2%",Brouwerij en stokerij Wilderen
Tripel Karmeliet,tripel,"8,4%",Brouwerij Bosteels
Tripel Klok,tripel,"8,5%",Brouwerij Boelens
Tripel Trezeke,tripel,"7,5%",Brouwerij Den Triest
Triple de Brabant,"tripel, blond","8,5%",Groep John Martin
Triple Moine,tripel,"7,3%",Brasserie Du Bocq
Triporteur from Heaven,"ale, blond","6,2%",BOMBrewery
Triporteur from Hell,"ale, bruin","6,6%",BOMBrewery
Trisser,tripel,"7,5%",De Verhuisbrouwerij
Triverius,tarwebier,"6,8%",Brouwerij De Graal
Troubadour Blond,blond,"6,5%",Brouwerij The Musketeers
Troubadour Imperial Stout,imperial stout,9%,Brouwerij The Musketeers
Troubadour Magma,tripel India Pale Ale,9%,Brouwerij The Musketeers
Troubadour Obscura,stout,"8,2%",Brouwerij The Musketeers
Troubadour Spéciale,speciale belge,"5,7%",Brouwerij The Musketeers
Troublette,witbier,5%,Brasserie Caracole
TRPL,"hoge gisting, biologisch, tripel",8%,Brouwerij Jessenhofke
Tsjeeses,"hoge gisting, blond",10%,De Struise Brouwers
Tsjeeses Reserva,"hoge gisting, goud",10%,De Struise Brouwers
Tumulus 800,tarwebier,6%,De Proefbrouwerij in opdracht van De Kale Ridders
Tumulus Aura,tarwebier,"5,5%",De Proefbrouwerij in opdracht van De Kale Ridders
Tumulus Magna,tarwebier,9%,De Proefbrouwerij in opdracht van De Kale Ridders
Tumulus Nera,tarwebier,8%,De Proefbrouwerij in opdracht van De Kale Ridders
Turnhoutse Patriot,saison,"6,5%",Hobbybrouwerij Het Nest
Tuverbol,gemengde gisting,11%,Brouwerij Loterbol
Uilenspiegelbier,dubbel,7%,Brouwerij Van Steenberge
Uitzet 1730,tripel,"6,8%",Brouwerij Paeleman
Uitzet Kriekbier,fruitbier,"7,5%",Brouwerij Paeleman
Ulricher Extra,pils,5%,Brouwerij Girardin
Ultra Ambrée,"ale, amber, hoge gisting",7%,Brasserie d'Ecaussinnes
Ultra Fraîche,lichtblond,"3,5%",Brasserie d'Ecaussinnes
Ultra Soif,"blond, hoge gisting",5%,Brasserie d'Ecaussinnes
Ultramour,fruitbier,5%,Brasserie d'Ecaussinnes
Ultra Blonde,blond,8%,Brasserie d'Ecaussinnes
Ultradélice,bruin,8%,Brasserie d'Ecaussinnes
Ultrabrune,donkerbruin,10%,Brasserie d'Ecaussinnes
Unkerzak,,,De Proefbrouwerij
Urchon,hoge gisting,"7,5%",Brasserie des Légendes
Urthel Hop-It,blonde India Pale Ale,"9,5%",Brouwerij De Koningshoeven in opdracht van Brouwerij Urthel
Urthel Hibernus Quentum,tripel,9%,Brouwerij De Leyerth
Urthel Parlus Magnificum,donkerbruin,"7,5%",Brouwerij De Leyerth
Urthel Saisonnière,blond speciaalbier,"6,0%",Brouwerij De Koningshoeven in opdracht van Brouwerij Urthel
Urthel Samaranth,"amberkleurig speciaalbier, hoge gisting","11,5%",Brouwerij De Koningshoeven in opdracht van Brouwerij Urthel
Urthel Tonicum Finiboldus,amber,"7,5%",Brouwerij De Leyerth
Val-Dieu Blonde,Erkend Belgisch abdijbier,6%,Brouwerij Val-Dieu
Val-Dieu Brune,Erkend Belgisch abdijbier,8%,Brouwerij Val-Dieu
Val-Dieu Grand Cru,Erkend Belgisch abdijbier,"10,5%",Brouwerij Val-Dieu
Val-Dieu Triple,"Erkend Belgisch abdijbier, tripel",9%,Brouwerij Val-Dieu
Valeir Blond,"hoge gisting, blond","6,5%",Brouwerij Contreras
Valeir Divers,"hoge gisting, tripel","8,5%",Brouwerij Contreras
Valeir Donker,hoge gisting,"6,5%",Brouwerij Contreras
Valeir Extra,"hoge gisting, IPA","6,5%",Brouwerij Contreras
Vals Paterke,tripel,"8,3%",t'Drankorgel
Vanderghinste oud bruin,West-Vlaams roodbruin,"5,5%",Brouwerij Bockor
Vapeur cochonne,Belgian ale,9%,Brasserie à Vapeur
Vat 44,geuze,8%,Brouwerij Boon
Valeir Donker,hoge gisting,"6,5%",Brouwerij Contreras
Vedett Extra Blond,blond,"5,2%",Brouwerij Duvel Moortgat
Vedett Extra White,witbier,"4,7%",Brouwerij Duvel Moortgat
Vedett Extra ordinary IPA,blond,6%,Brouwerij Duvel Moortgat
Verhaeghe Pils,pils,"5,1%",Brouwerij Verhaeghe
Vicardin,tripel-gueuze,7%,Brouwerij Dilewyns
Vicaris Generaal,hoge gisting,"8,8%",Brouwerij Dilewyns
Vicaris Kerst,"hoge gisting, kerstbier",10%,Brouwerij Dilewyns
Vicaris Tripel,"hoge gisting, tripel","8,5%",Brouwerij Dilewyns
Vicaris Quinto,hoge gisting,5%,Brouwerij Dilewyns
Vichtenaar,roodbruine ale,"5,1%",Brouwerij Verhaeghe
Vieux Bruges Blanche,"etiketbier, witbier","4,5%",Brouwerij Van Honsebrouck
Vieux Bruges Framboise,fruitbier,"5 en 4,5%",Brouwerij Van Honsebrouck
Vieux Bruges Gueuze,geuze,5%,Brouwerij Van Honsebrouck
Vieux Bruges Kriek,etiketbier,"3,2%",Brouwerij Van Honsebrouck
Vieux Bruges Kriek Lambic,etiketbier,5%,Brouwerij Van Honsebrouck
Vieux Bruges Peche,fruitbier,"3,5%",Brouwerij Van Honsebrouck
Vieux Bruxelles Gueuze,etiketbier,5%,Brouwerij Van Honsebrouck
Vieux Bruxelles Kriek,etiketbier,4%,Brouwerij Van Honsebrouck
Vieux Temps,speciale belge,"5,2%",AB Inbev
Villers Tripel,"abdijbier, tripel",8%,Brouwerij Huyghe
Villers Vieille,abdijbier,7%,Brouwerij Huyghe
Vingeronne,"fruitbier, lambiek",6%,Brouwerij Cantillon
Vinkenier,streekbier,"10,8%",Brouwerij Eutropius
Viven Ale,speciale belge,5%,Beerdevelopment Viven
Viven Blond,blond,"6,1%",Beerdevelopment Viven
Viven Bruin,dubbel,"6,1%",Beerdevelopment Viven
Viven Imperial IPA,Imperial IPA,8%,Beerdevelopment Viven
Viven Porter,smoked Porter,7%,Beerdevelopment Viven
Vlaamsch Wit,witbier,"4,5%",Brouwerij Van Honsebrouck
Vlaamsche Leeuw Blondje,blond,"5,5%",De Brouwerij van Vlaanderen
Vlaamsche Leeuw Donker,bruin,"7,5%",De Brouwerij van Vlaanderen
Vlaamsche Leeuw Tripel,tripel,"8,5%",De Brouwerij van Vlaanderen
Vlasbier,blond,"6,5%",Brouwerij Van Eecke
Vlaskapelle,Vlaams roodbruin,5%,Brouwerij Gulden Spoor
Vlaskop,witbier,"5,5%",Brouwerij Strubbe
Vleteren Alt,ale donker,8%,Brouwerij Deca
Vleteren Bruin,donkere ale,8%,Brouwerij Deca
Vleteren Super 8 Blond,blond,8%,Brouwerij Deca
Vondel,donkerbruin,"8,5%",Brouwerij Liefmans
Vossen met de Meynen Blond,etiketbier,"6,5%",Brouwerij Het Anker
Vossen met de Meynen 69,"hoge gisting, blond","6,9%",Brouwerij Hof ten Dormaal
Vurig Bierreke,tripel,"11,5%",Brouwerij DijkWaert
Vuuve,witbier,5%,Brouwerij De Regenboog
Waas Klok Bier Bruin,donker,"8,5%",Brouwerij Boelens
Waas Klok Bier Tripel,tripel,"8,5%",Brouwerij Boelens
Waase Wolf,amber,6%,Brouwerij Boelens
Waaslander,witbier,5%,Brouwerij Boelens
Waterloo Double 8 Dark,bruin,"8,5%",Brasserie Du Bocq
Waterloo Tripel 7 Blond,blond,"7,5%",Brasserie Du Bocq
Watneys Scotch Ale,scotch,8%,Alken-Maes
Watou Tripel,tripel,"7,5%",Brouwerij St. Bernardus
Watou's Wit,witbier,5%,Brouwerij Van Eecke
Wechelse Tripel,etiketbier,"7,5%",café Den Toerist
West Pils,pils,5%,Brouwerij Het Sas
Westmalle Dubbel,trappist,7%,Brouwerij Westmalle
Westmalle Tripel,trappist,"9,5%",Brouwerij Westmalle
Westoek X,hoge gisting,6%,De Struise Brouwers
Westoek XX,hoge gisting,8%,De Struise Brouwers
Westvleteren Blond,trappist,"5,8%",Sint-Sixtusabdij van Westvleteren
Westvleteren Zes,trappist,"6,2%",Sint-Sixtusabdij van Westvleteren
Westvleteren Acht,trappist,8%,Sint-Sixtusabdij van Westvleteren
Westvleteren Twaalf,trappist,"10,2%",Sint-Sixtusabdij van Westvleteren
Wevelgemse Tripel,tripel,8%,Bierwinkel Bacelle
White by Mystic,witbier,"5,1%",Brouwerij Haacht
Wieze Christmas Tripel Hop,tripel kerstbier,8%,Brouwerij Wieze
Wieze Tripel,tripel,8%,Wieze Beer Belgium
Wieze Tripel Blond,tripel,8%,Brouwerij Wieze
Wieze Tripel zoet Bruin,tripel,8%,Brouwerij Wieze
Wildebok,"hoge gisting, bockbier","6,5%",De Scheldebrouwerij
Wilderen Goud,hoge gisting,"6,2%",Brouwerij Wilderen
Wilderen Kriek,kriek,"3,5%",Brouwerij Wilderen
Willy Kriegelbier,donkerblond,7%,Huisbrouwerij Sint Canarus
Winter Zjef,winterbier,9%,Brouwerij 't Paenhuys
Winterkoninck,robijnrood,"6,5%",Brouwerij De Koninck
Winterkoninkske,hoge gisting,"8,3%",brouwerij Kerkom
Winterkoninkske Haspengouwse Grand Cru,"hoge gisting, kerstbier",13%,brouwerij Kerkom
Wintersnood,winterbier,"6,4%",De Verhuisbrouwerij
Wit Goud,hoge gisting,8%,Brouwerij Hof ten Dormaal
Witheer,witbier,5%,Scheldebrouwerij
Witkap Pater Dubbel,"hoge gisting, bruin",7%,Brouwerij Slaghmuylder
Witkap Pater Special,"hoge gisting, amber","5,5%",Brouwerij Slagmuylder
Witkap Pater Stimulo,"hoge gisting, blond",6%,Brouwerij Slaghmuylder
Witkap Pater Tripel,"hoge gisting, tripel","7,5%",Brouwerij Slagmuylder
Wittekerke,witbier,5%,Brouwerij Bavik
Wittekerke Passion,"witbier, fruitbier","5,8%",Brouwerij Bavik
Wittekerke Rosé,"witbier, fruitbier","4,3%",Brouwerij Bavik
Witte Madam,"hoge gisting, amber","8,5%",Scheldebrouwerij Hoogstraten
Witte Pol,witbier,"5,6%",Brouwerij Inter-Pol
Wittoen,"hoge gisting, tripel",7%,Brouwerij Strubbe
Wolf 7,blond,"7,4%",Brouwerij Lupus
Wolf 8,donkerbruin,"8,5%",Brouwerij Lupus
Wolf 9,amber,9%,Brouwerij Lupus
Wostyntje,mosterdbier,7%,Brouwerij De Regenboog
Xenophon’s Wine,,11%,De Struise Brouwers
X-Mas Beer,"hoge gisting, blond","8,5%",Brouwerij Contreras
XX Bitter,"hoge gisting, blond","6,2%",Brouwerij De Ranke
XXX Bitter,"hoge gisting, blond",6%,Brouwerij De Ranke
Yperman,ale,"5,5%",Brouwerij Het Sas
Yellow Mortal,ale,"7,2%",Brouwerij Mortal's Beers
Zatte Bie,donker,9%,Brouwerij De Bie
Zeezuiper,goudblonde tripel,8%,De Scheldebrouwerij
Zennenat,hoge gisting,"6,0%",Brouwerij Den Herberg
Zeunt,hoge gisting,7%,het Zeuntcomité
Zeven Zonden Gula,hoge gisting,9%,bierfirma Hugel
Zeven Zonden Invidia,hoge gisting,10%,bierfirma Hugel
Zeven Zonden Luxuria,hoge gisting,"8,5%",bierfirma Hugel
Zingende Blondine,hoge gisting,"9,8%",Brouwerij 't Gaverhopke
Zinnebir,blond,"5,8%",Brasserie de la Senne
Zoeg,pils,5%,Promaco Vision
ZoemZoem,"amber, honingbier",8%,Brouwerij Donum Ignis
Zomer Zjef,stout,9%,Brouwerij 't Paenhuys
Zonderik 100,"blond, hoge gisting",7%,Zonderik Beer Company
Zonderik Dubbel Donker,hoge gisting,8%,Zonderik Beer Company
Zonderik Tripel,"blond, tripel",8%,Zonderik Beer Company
Zonderix,"amber, tripel",10%,Zonderik Beer Company
Zonnegemse Zot,amber,"7,1%",Oude Brouwerij van Zonnegem vzw
Zotte Bloare,bruin,"5,5%",Brouwerij 't Paenhuys
Zottegemse Grand Cru,amber,"8,4%",Brouwerij Crombé
ZUIDerbierke,"hoge gisting, bruinrood","8,2%",Brouwerij Donum Ignis
Zulte,"hoge gisting, licht bruin","4,7%",Alken-Maes
Zwalmse Tripel,tripel,8%,de gemeente Zwalm
Zwarte Piet,bovengisting,8%,Zennebrouwerij
Zwarte Piet,bruin,"8,5%",Brouwerij Boelens
Zwarte Pol,stout,"6,5%",Brouwerij Inter-Pol
Zwarte Zjef,stout,9%,Brouwerij 't Paenhuys
Zwet.be,stout,7%,Geuzestekerij 3 Fonteinen
Zwijntje,blond,8%,Brouwerij Bios
